,Rank,Name,Age,Country,New Worth,Source,Industry
0,1.,Jeff Bezos,57,United States,$177 B,Amazon,Technology
1,2.,Elon Musk,49,United States,$151 B,"Tesla, SpaceX",Automotive
2,3.,Bernard Arnault & family,72,France,$150 B,LVMH,Fashion & Retail
3,4.,Bill Gates,65,United States,$124 B,Microsoft,Technology
4,5.,Mark Zuckerberg,36,United States,$97 B,Facebook,Technology
5,6.,Warren Buffett,90,United States,$96 B,Berkshire Hathaway,Finance & Investments
6,7.,Larry Ellison,76,United States,$93 B,software,Technology
7,8.,Larry Page,48,United States,$91.5 B,Google,Technology
8,9.,Sergey Brin,47,United States,$89 B,Google,Technology
9,10.,Mukesh Ambani,63,India,$84.5 B,diversified,Diversified
10,11.,Amancio Ortega,85,Spain,$77 B,Zara,Fashion & Retail
11,12.,Francoise Bettencourt Meyers & family,67,France,$73.6 B,L'Oréal,Fashion & Retail
12,13.,Zhong Shanshan,66,China,$68.9 B,"beverages, pharmaceuticals",Food & Beverage
13,14.,Steve Ballmer,65,United States,$68.7 B,Microsoft,Technology
14,15.,Ma Huateng,49,China,$65.8 B,internet media,Technology
15,16.,Carlos Slim Helu & family,81,Mexico,$62.8 B,telecom,Telecom
16,17.,Alice Walton,71,United States,$61.8 B,Walmart,Fashion & Retail
17,18.,Jim Walton,72,United States,$60.2 B,Walmart,Fashion & Retail
18,19.,Rob Walton,76,United States,$59.5 B,Walmart,Fashion & Retail
19,20.,Michael Bloomberg,79,United States,$59 B,Bloomberg LP,Media & Entertainment
20,21.,Colin Zheng Huang,41,China,$55.3 B,e-commerce,Technology
21,22.,MacKenzie Scott,50,United States,$53 B,Amazon,Technology
22,23.,Daniel Gilbert,59,United States,$51.9 B,Quicken Loans,Finance & Investments
23,24.,Gautam Adani & family,58,India,$50.5 B,"infrastructure, commodities",Diversified
24,25.,Phil Knight & family,83,United States,$49.9 B,Nike,Fashion & Retail
25,26.,Jack Ma,56,China,$48.4 B,e-commerce,Technology
26,27.,Charles Koch,85,United States,$46.4 B,Koch Industries,Diversified
27,27.,Julia Koch & family,58,United States,$46.4 B,Koch Industries,Diversified
28,29.,Masayoshi Son,63,Japan,$45.4 B,"internet, telecom",Telecom
29,30.,Michael Dell,56,United States,$45.1 B,Dell computers,Technology
30,31.,Tadashi Yanai & family,72,Japan,$44.1 B,fashion retail,Fashion & Retail
31,32.,François Pinault & family,84,France,$42.3 B,luxury goods,Fashion & Retail
32,33.,David Thomson & family,63,Canada,$41.8 B,media,Media & Entertainment
33,34.,Beate Heister & Karl Albrecht Jr.,N/A,Germany,$39.2 B,supermarkets,Fashion & Retail
34,35.,Wang Wei,50,China,$39 B,package delivery,Service
35,36.,Miriam Adelson,75,United States,$38.2 B,casinos,Gambling & Casinos
36,37.,He Xiangjian,78,China,$37.7 B,home appliances,Manufacturing
37,38.,Dieter Schwarz,81,Germany,$36.9 B,retail,Fashion & Retail
38,39.,Zhang Yiming,37,China,$35.6 B,TikTok,Technology
39,40.,Giovanni Ferrero,56,Italy,$35.1 B,"Nutella, chocolates",Food & Beverage
40,41.,Alain Wertheimer,72,France,$34.5 B,Chanel,Fashion & Retail
41,41.,Gerard Wertheimer,70,France,$34.5 B,Chanel,Fashion & Retail
42,43.,Li Ka-shing,92,Hong Kong,$33.7 B,diversified,Diversified
43,44.,Qin Yinglin & family,55,China,$33.5 B,pig breeding,Food & Beverage
44,45.,William Lei Ding,49,China,$33 B,online games,Technology
45,46.,Len Blavatnik,63,United States,$32 B,"music, chemicals",Diversified
46,47.,Lee Shau Kee,93,Hong Kong,$31.7 B,real estate,Real Estate
47,48.,Jacqueline Mars,81,United States,$31.3 B,"candy, pet food",Food & Beverage
48,48.,John Mars,85,United States,$31.3 B,"candy, pet food",Food & Beverage
49,50.,Yang Huiyan & family,39,China,$29.6 B,real estate,Real Estate
50,51.,Alexey Mordashov & family,55,Russia,$29.1 B,"steel, investments",Metals & Mining
51,52.,Robin Zeng,52,Hong Kong,$28.4 B,batteries,Energy
52,53.,Hui Ka Yan,62,China,$27.7 B,real estate,Real Estate
53,53.,Susanne Klatten,58,Germany,$27.7 B,"BMW, pharmaceuticals",Automotive
54,55.,Vladimir Potanin,60,Russia,$27 B,metals,Metals & Mining
55,56.,Dietrich Mateschitz,76,Austria,$26.9 B,Red Bull,Food & Beverage
56,57.,Pang Kang,65,China,$26.4 B,soy sauce,Food & Beverage
57,58.,Klaus-Michael Kuehne,83,Germany,$26.3 B,shipping,Logistics
58,59.,Vladimir Lisin,64,Russia,$26.2 B,"steel, transport",Metals & Mining
59,60.,Wang Xing,42,China,$26.1 B,e-commerce,Technology
60,61.,German Larrea Mota Velasco & family,67,Mexico,$25.9 B,mining,Metals & Mining
61,62.,Leonardo Del Vecchio & family,85,Italy,$25.8 B,eyeglasses,Fashion & Retail
62,62.,Takemitsu Takizaki,75,Japan,$25.8 B,sensors,Manufacturing
63,64.,Leonard Lauder,88,United States,$25.5 B,Estee Lauder,Fashion & Retail
64,65.,Thomas Peterffy,76,United States,$25 B,discount brokerage,Finance & Investments
65,66.,Vagit Alekperov,70,Russia,$24.9 B,oil,Energy
66,66.,Leonid Mikhelson,65,Russia,$24.9 B,"gas, chemicals",Energy
67,68.,Jim Simons,82,United States,$24.6 B,hedge funds,Finance & Investments
68,69.,Jiang Rensheng & family,67,China,$24.4 B,vaccines,Healthcare
69,70.,Gina Rinehart,67,Australia,$23.6 B,mining,Metals & Mining
70,71.,Rupert Murdoch & family,90,United States,$23.5 B,"newspapers, TV network",Media & Entertainment
71,71.,Shiv Nadar,75,India,$23.5 B,software services,Technology
72,73.,Zhang Zhidong,49,China,$23.4 B,internet media,Technology
73,74.,Iris Fontbona & family,78,Chile,$23.3 B,mining,Metals & Mining
74,75.,Lei Jun,51,China,$23 B,smartphones,Technology
75,75.,Zhang Yong,50,Singapore,$23 B,restaurants,Food & Beverage
76,77.,Richard Qiangdong Liu,47,China,$22.4 B,e-commerce,Technology
77,78.,Gennady Timchenko,68,Russia,$22 B,"oil, gas",Energy
78,79.,Stephen Schwarzman,74,United States,$21.9 B,investments,Finance & Investments
79,80.,Goh Cheng Liang,93,Singapore,$21.7 B,paints,Manufacturing
80,81.,Stefan Quandt,54,Germany,$21.6 B,BMW,Automotive
81,82.,Li Xiting,70,Singapore,$21.5 B,medical devices,Healthcare
82,83.,Pierre Omidyar,53,United States,$21.4 B,"eBay, PayPal",Technology
83,84.,Stefan Persson,73,Sweden,$21.3 B,H&M,Fashion & Retail
84,85.,Abigail Johnson,59,United States,$20.9 B,money management,Finance & Investments
85,86.,R. Budi Hartono,80,Indonesia,$20.5 B,"banking, tobacco",Finance & Investments
86,87.,Andrew Forrest,59,Australia,$20.4 B,mining,Metals & Mining
87,88.,Ray Dalio,71,United States,$20.3 B,hedge funds,Finance & Investments
88,89.,Michael Hartono,81,Indonesia,$19.7 B,"banking, tobacco",Manufacturing
89,89.,Li Shufu,57,China,$19.7 B,automobiles,Automotive
90,89.,Zhong Huijuan,60,China,$19.7 B,pharmaceuticals,Healthcare
91,92.,Xu Hang,54,Hong Kong,$19.5 B,medical devices,Healthcare
92,93.,Lui Che Woo & family,92,Hong Kong,$19.4 B,casinos/hotels,Gambling & Casinos
93,94.,Emmanuel Besnier,50,France,$19.1 B,cheese,Food & Beverage
94,95.,Laurene Powell Jobs & family,57,United States,$19 B,"Apple, Disney",Technology
95,96.,Eric Schmidt,65,United States,$18.9 B,Google,Technology
96,96.,Sun Piaoyang,62,China,$18.9 B,pharmaceuticals,Healthcare
97,98.,"Theo Albrecht, Jr. & family",70,Germany,$18.8 B,"Aldi, Trader Joe's",Fashion & Retail
98,99.,Alisher Usmanov,67,Russia,$18.4 B,"steel, telecom, investments",Metals & Mining
99,100.,Robert Pera,43,United States,$18.3 B,wireless networking gear,Technology
100,100.,Wu Yajun,57,China,$18.3 B,real estate,Real Estate
101,102.,Fan Hongwei & family,54,China,$18.2 B,petrochemicals,Energy
102,103.,Dhanin Chearavanont,81,Thailand,$18.1 B,diversified,Diversified
103,104.,Peter Woo,74,Hong Kong,$18 B,real estate,Real Estate
104,105.,Chen Bang,55,China,$17.9 B,hospitals,Healthcare
105,105.,Andrey Melnichenko,49,Russia,$17.9 B,"coal, fertilizers",Energy
106,107.,Dustin Moskovitz,36,United States,$17.8 B,Facebook,Technology
107,107.,Su Hua,39,China,$17.8 B,video streaming,Media & Entertainment
108,109.,Donald Newhouse,91,United States,$17.6 B,media,Media & Entertainment
109,110.,Petr Kellner,56,Czechia,$17.5 B,"finance, telecommunications",Finance & Investments
110,111.,Lee Man Tat,91,Hong Kong,$17.4 B,food,Food & Beverage
111,112.,Pavel Durov,36,Russia,$17.2 B,messaging app,Technology
112,113.,James Ratcliffe,68,United Kingdom,$17 B,chemicals,Manufacturing
113,114.,Jorge Paulo Lemann & family,81,Brazil,$16.9 B,beer,Food & Beverage
114,115.,Reinhold Wuerth & family,85,Germany,$16.8 B,fasteners,Manufacturing
115,116.,Charlene de Carvalho-Heineken & family,66,Netherlands,$16.7 B,Heineken,Food & Beverage
116,117.,Radhakishan Damani,66,India,$16.5 B,"retail, investments",Fashion & Retail
117,118.,Wang Chuanfu,55,China,$16.3 B,"batteries, automobiles",Automotive
118,119.,Steve Cohen,64,United States,$16 B,hedge funds,Finance & Investments
119,119.,Ken Griffin,52,United States,$16 B,hedge funds,Finance & Investments
120,121.,Chen Zhiping,45,China,$15.9 B,e-cigarettes,Manufacturing
121,121.,"Ernest Garcia, II.",63,United States,$15.9 B,used cars,Automotive
122,121.,Uday Kotak,62,India,$15.9 B,banking,Finance & Investments
123,124.,Carl Icahn,85,United States,$15.8 B,investments,Finance & Investments
124,124.,Suleiman Kerimov & family,55,Russia,$15.8 B,investments,Finance & Investments
125,126.,"Thomas Frist, Jr. & family",82,United States,$15.7 B,hospitals,Healthcare
126,127.,Lukas Walton,34,United States,$15.6 B,Walmart,Fashion & Retail
127,128.,Mikhail Fridman,56,Russia,$15.5 B,"oil, banking, telecom",Energy
128,128.,Wei Jianjun & family,57,China,$15.5 B,automobiles,Automotive
129,128.,Zuo Hui,50,China,$15.5 B,real estate services,Real Estate
130,131.,Zhou Qunfei & family,51,Hong Kong,$15.4 B,smartphone screens,Technology
131,132.,Donald Bren,88,United States,$15.3 B,real estate,Real Estate
132,133.,Hinduja brothers,N/A,United Kingdom,$14.9 B,diversified,Diversified
133,133.,Lakshmi Mittal,70,India,$14.9 B,steel,Metals & Mining
134,133.,Georg Schaeffler,56,Germany,$14.9 B,auto parts,Automotive
135,133.,Eric Yuan & family,51,United States,$14.9 B,video conferencing,Technology
136,137.,Wang Jianlin,66,China,$14.8 B,real estate,Real Estate
137,138.,Kwong Siu-hing,91,Hong Kong,$14.7 B,real estate,Real Estate
138,138.,Robin Li,52,China,$14.7 B,internet search,Technology
139,140.,Pallonji Mistry,91,Ireland,$14.6 B,construction,Construction & Engineering
140,140.,Eduardo Saverin,39,Brazil,$14.6 B,Facebook,Technology
141,142.,Roman Abramovich,54,Russia,$14.5 B,"steel, investments",Diversified
142,142.,David Tepper,63,United States,$14.5 B,hedge funds,Finance & Investments
143,144.,Gong Hongjia & family,56,Hong Kong,$14.4 B,video surveillance,Finance & Investments
144,145.,Mike Cannon-Brookes,41,Australia,$14.2 B,software,Technology
145,145.,"John Menard, Jr.",81,United States,$14.2 B,home improvement stores,Fashion & Retail
146,145.,Seo Jung-jin,63,South Korea,$14.2 B,biotech,Healthcare
147,148.,Cheng Yixiao,37,China,$14.1 B,video streaming app,Media & Entertainment
148,148.,Liang Wengen,64,China,$14.1 B,construction equipment,Manufacturing
149,150.,Scott Farquhar,41,Australia,$14 B,software,Technology
150,151.,Finn Rausing,66,Sweden,$13.9 B,packaging,Food & Beverage
151,151.,Jorn Rausing,61,Sweden,$13.9 B,packaging,Food & Beverage
152,151.,Kirsten Rausing,68,Sweden,$13.9 B,packaging,Food & Beverage
153,154.,Brian Chesky,39,United States,$13.7 B,Airbnb,Technology
154,155.,Joseph Lau,69,Hong Kong,$13.6 B,real estate,Real Estate
155,156.,David Duffield,80,United States,$13.5 B,business software,Technology
156,156.,Charoen Sirivadhanabhakdi,76,Thailand,$13.5 B,"alcohol, real estate",Food & Beverage
157,158.,Kim Jung-ju,53,South Korea,$13.3 B,online games,Technology
158,158.,Robert & Philip Ng,N/A,Singapore,$13.3 B,real estate,Real Estate
159,158.,Zhang Bangxin,41,China,$13.3 B,education,Service
160,161.,Anders Holch Povlsen,48,Denmark,$13.2 B,fashion retail,Fashion & Retail
161,161.,Wang Wenyin,53,China,$13.2 B,"mining, copper products",Metals & Mining
162,163.,Wang Liping & family,55,China,$13.1 B,hydraulic machinery,Manufacturing
163,164.,Tatyana Bakalchuk,45,Russia,$13 B,ecommerce,Fashion & Retail
164,164.,Michael Platt,53,United Kingdom,$13 B,hedge funds,Finance & Investments
165,166.,Huang Shilin,54,China,$12.9 B,batteries,Energy
166,166.,Ricardo Salinas Pliego & family,65,Mexico,$12.9 B,"retail, media",Fashion & Retail
167,168.,Kumar Birla,53,India,$12.8 B,commodities,Diversified
168,169.,Dang Yanbao,48,China,$12.7 B,coal,Metals & Mining
169,169.,Cyrus Poonawalla,79,India,$12.7 B,vaccines,Healthcare
170,171.,Robert Kuok,97,Malaysia,$12.6 B,"palm oil, shipping, property",Diversified
171,171.,Hank & Doug Meijer,N/A,United States,$12.6 B,supermarkets,Fashion & Retail
172,173.,Jack Dorsey,44,United States,$12.5 B,"Twitter, Square",Technology
173,173.,Lu Zhongfang,78,China,$12.5 B,education,Automotive
174,173.,Ma Jianrong & family,57,China,$12.5 B,"textiles, apparel",Fashion & Retail
175,173.,Zhang Tao,48,China,$12.5 B,e-commerce,Fashion & Retail
176,177.,Nathan Blecharczyk,37,United States,$12.4 B,Airbnb,Technology
177,177.,John Doerr,69,United States,$12.4 B,venture capital,Technology
178,177.,Joe Gebbia,39,United States,$12.4 B,Airbnb,Technology
179,177.,Forrest Li,43,Singapore,$12.4 B,gaming,Media & Entertainment
180,181.,Yu Renrong,55,China,$12.3 B,semiconductors,Manufacturing
181,182.,Liu Yonghao & family,69,China,$12.1 B,agribusiness,Service
182,182.,Gordon Moore,92,United States,$12.1 B,Intel,Technology
183,184.,Jeff Yass,62,United States,$12 B,"trading, investments",Finance & Investments
184,185.,Bobby Murphy,32,United States,$11.9 B,Snapchat,Technology
185,186.,Patrick Drahi,57,France,$11.8 B,telecom,Telecom
186,186.,Jensen Huang,58,United States,$11.8 B,semiconductors,Technology
187,186.,Alexander Otto,53,Germany,$11.8 B,real estate,Real Estate
188,189.,Cen Junda,56,China,$11.6 B,pharmaceuticals,Healthcare
189,189.,Joseph Tsai,57,Canada,$11.6 B,e-commerce,Technology
190,191.,Aliko Dangote,63,Nigeria,$11.5 B,"cement, sugar",Manufacturing
191,191.,Marcel Herrmann Telles,71,Brazil,$11.5 B,beer,Food & Beverage
192,193.,Mikhail Prokhorov,55,Russia,$11.4 B,investments,Finance & Investments
193,194.,Jorge Moll Filho & family,76,Brazil,$11.3 B,hospitals,Healthcare
194,195.,Viktor Rashnikov,72,Russia,$11.2 B,steel,Manufacturing
195,195.,Harry Triguboff,88,Australia,$11.2 B,real estate,Real Estate
196,197.,Leonid Fedun & family,65,Russia,$11.1 B,oil,Energy
197,197.,Eyal Ofer,70,Israel,$11.1 B,"real estate, shipping",Diversified
198,197.,Evan Spiegel,30,United States,$11.1 B,Snapchat,Technology
199,200.,Luis Carlos Sarmiento,88,Colombia,$11 B,banking,Finance & Investments
