,Name,Distance,Price,Rating,Review
0,London Backpackers,11.9km from city centre,From: INR1121.00,9.0,"SoHostel offers modern rooms, located in the heart of London's entertainment centre, Soho.... More..."
1,Selina Camden,5.5km from city centre,From: INR2673.08,8.9,UNFORTUNATELY WE DO NOT HAVE THE FACILITIES TO APPROPRIATELY ACCOMMODATE GUESTS WHO NEED TO SELF ISOLATE FOR 14 DAYS.ALL GUESTS ARE REQUIRED TO WEAR A FACE COVERING AS PER UK GOVERNMENT GUIDELIN... More...
2,,,,7.7,"No.8 is a Unique Brand of Hostels developed and delicately integrated within Traditional Old English Pubs. For Facilities, Customer Service & Affordability it must be No.8!... More..."
3,SoHostel,2km from city centre - SHOW ON MAP,INR1528.64,7.7,"We offer comfortable, stylish rooms in central London, with good security, Free WI-FI. laundry facilities and more.... More..."
4,,10km from city centre - SHOW ON MAP,INR514.64,7.3,"Our hostel's centrally located with good access to all London attractions, a wonderful place to make friends.... More..."
5,More...,9km from city centre - SHOW ON MAP,INR504.45,9.3,"Wombat's The City Hostel London is definitely the place to stay if you want to experience all that London has to offer. Only minutes away from sights such as the Tower Bridge, the Tower of London, and... More..."
6,Prices from:,5km from city centre - SHOW ON MAP,INR1064.95,8.2,"You can relax in Hyde Park, visit all London's attractions or go shopping on the local high street.... More..."
7,No.8 Willesden Hostel London,2.6km from city centre - SHOW ON MAP,INR1064.95,7.5,"Generator London is a design hotel-hostel located in Russel Square in the heart of central London, a short stroll to Covent Garden, Regents Park and trendy King's Cross. Guests can choose from shared... More..."
8,,3.6km from city centre - SHOW ON MAP,INR2017.80,8.8,"London’s best party hostel! The Legendary Hub for travellers since 1999. Guests enjoy a 25% discount on food at our Belushi's Bar, FREE WiFi and 2 for 1 drink deals!..... More..."
9,More...,5km from city centre - SHOW ON MAP,INR1166.86,8.6,"The Walrus Hostel is the ideal choice for you to get the most out of your trip to London. We aim to welcome you, assist you and keep you safe so you can enjoy all the marvels of this historic city. Ou... More..."
10,Prices from:,3km from city centre - SHOW ON MAP,INR1452.21,8.1,"Safestay at Elephant & Castle is ideal if you are looking for budget accommodation in London, whether you see the sights in this amazing city or travelling with your family. If Tate Modern, the N... More..."
11,No.8 Seven Sisters,1.8km from city centre - SHOW ON MAP,INR1314.63,8.3,"PLEASE NOTE WE ONLY ACCEPT GUESTS FROM THE AGE OF 18-40 with GOVERNMENT ISSUED PHOTO ID, such as driving licence, passport, national ID card.Student cards and proof of age cards are not accepted.... More..."
12,,0.2km from city centre - SHOW ON MAP,INR2343.91,8.7,"IMPORTANT NOTICE: This hostel is for 18–35-year-old ONLY.Check In is from 2 pm and Checkout is Before 10 am. Passport, Identity Card or Driver License is Required from all Guests. We accept c... More..."
13,More...,1.7km from city centre - SHOW ON MAP,INR1426.73,8.5,"At the Phoenix hostel we have endeavored to provide you with a laid back, friendly, fun, clean, and safe place to stay during your trip to London.... More..."
14,Prices from:,5.7km from city centre - SHOW ON MAP,INR713.36,9.6,"With the British Museum on our doorstep, it is impossible to beat the location! Within a short walk from iconic attractions like Piccadilly Circus, Trafalgar Square and Covent Garden... More..."
15,Smart Hyde Park Inn Hostel,11.9km from city centre - SHOW ON MAP,INR1121.00,7.2,"The New Cross Inn is an affordable, fun-filled, friendly hostel situated in South East London. It's 2 minutes walk from New Cross Gate and New Cross stations... More..."
16,,4.2km from city centre - SHOW ON MAP,INR713.36,9.5,We're a four-star hostel at the heart of the bus and underground networks making it easy to travel around the city.... More...
17,More...,2.2km from city centre - SHOW ON MAP,INR1630.55,7.9,"Clink 78 – The place to be for backpackersWhy Clink78?Clink78 is a brilliant base for discovering London's hidden gems and has just been refurbished with new check-in technology, air-c... More..."
18,Prices from:,6.1km from city centre - SHOW ON MAP,INR917.18,8.9,"Walk to the river, turn left, and just keep walking…Stay at The White Ferry House and ﬁnd yourself in an oasis of calm in a beautiful London backstreet.... More..."
19,Smart Russell Square Hostel,3.3km from city centre - SHOW ON MAP,INR1679.46,8.3,"Located in the heart of London's Theatreland, opposite Covent Garden and a short walk from Trafalgar Square - there really is no better choice!... More..."
20,,3.2km from city centre - SHOW ON MAP,INR1732.46,8.0,"COVID-19 Policy UpdateIn response to Coronavirus (COVID-19), additional safety and sanitation measures are currently in effect at this property, including social distancing and in-house disinfecti... More..."
21,More...,2.4km from city centre - SHOW ON MAP,INR1374.75,7.3,"Our safe, clean hostel's just three minutes from Hammersmith tube station in central London.... More..."
22,Prices from:,1.3km from city centre - SHOW ON MAP,INR1936.27,8.9,The heart & soul of London backpackingPull up a bar stool and talk until morning at PubLove’s most sociable Hostel-Pub.... More...
23,Wombat's The City Hostel London,0.7km from city centre - SHOW ON MAP,INR1681.50,9.1,"Located in the most beautiful and charming neighbourhood in London, Astor Hyde Park is just one minute from Hyde Park and surrounded by some of London’s greatest museums... More..."
24,,7.3km from city centre - SHOW ON MAP,INR1503.16,7.5,Do Camden by day and curb side beers by night.The Exmouth Arms is an iconic Hostel-Pub situated in the Camden corner of London... More...
25,More...,0.5km from city centre - SHOW ON MAP,INR1527.62,9.4,"Park Villa offers affordable accommodation in Mile End Old Town. You have comfortable rooms, access to shared bathrooms and WiFi.... More..."
26,Prices from:,4.3km from city centre - SHOW ON MAP,INR1732.46,9.7,Burlington Residence your place in London... More...
27,Smart Hyde Park View Hostel,3.4km from city centre - SHOW ON MAP,INR1680.48,6.4,"Le Junction Hostel - Pub & Garden - Brand new, safe and clean hostel with an epic Pub and Beer garden. Live sports, club nights and beautiful staff in our beautifully designed pub.... More..."
28,,6.3km from city centre - SHOW ON MAP,INR2547.73,9.6,"Clink261 is a comfortable, centrally located hostel just 5 minutes walk from King's Cross Tube and St. Pancras International Station; London’s main transport hub. The hostel offers free WiFi thr... More..."
29,More...,7.1km from city centre - SHOW ON MAP,INR2598.68,10.0,"With Victoria Station and Buckingham Palace a few minutes’ walk away, it is hard to beat to this location! Amazing 24-hour transport links to attractions, parties, airports, coaches (to the rest... More..."
