,Date,Startup Name,Idustry Vertical,Sub Vertical,City Location,Investor's Name,Investment Type,Amount(USD)
0,01/04/2021,BYJU’S,Edu-tech,Online tutoring,Bengaluru,Innoven Capital,Series F,"460,000,000"
1,05/04/2021,Meesho,E-commerce,Online reselling platform,Bengaluru,SoftBank Vision Fund 2,Series E,"300,000,000"
2,14/04/2021,Swiggy,Online Food Delivery,Online Food Delivery,Bengaluru,"Amansa Holdings, Carmignac, Falcon Edge Capital, Goldman Sachs, Think Investments",Series J,"343,000,000"
3,07/04/2021,Groww,FinTech,Investment platform,Bengaluru,"MC Global Edtech, B Capital, Baron, others",Series D,"83,000,000"
4,14/04/2021,Beldara,E-commerce,Global B2B marketplace,Mumbai,Hindustan Media Ventures,Venture,"7,400,000"
5,04/03/2021,DealShare,E-commerce,Online shopping platform,"Jaipur, Rajasthan",Innoven Capital,Debt Financing,"250,000,000"
6,31/03/2021,Uniphore,Technology,Conversational Service Automation (CSA),Palo Alto,Sorenson Capital Partners,Series D,"140,000,000"
7,30/03/2021,Dunzo,E-commerce,Hyper-local delivery app,Bengaluru,Krishtal Advisors Pte Ltd,Series E,"8,000,000"
8,30/03/2021,BYJU’S,Edu-tech,Online tutoring,Bengaluru,"MC Global Edtech, B Capital, Baron, others",Series F,"460,000,000"
9,23/03/2021,SkilloVilla,Edu-tech,Career and job-oriented upskilling.,Bengaluru,"Titan Capital, others",Seed,"300,000,000"
10,25/03/2021,CityMall,E-commerce,Social ecommerce and online grocery platform,Gurgaon,Accel Partners,Series A,"11,000,000"
11,26/03/2021,DotPe,FinTech,Commerce and payments platform to offline enterprise businesses.,Gurgaon,PayU,Series A,"27,500,000"
12,11/02/2021,Doubtnut,Edu Tech,E-Learning Platform,Gurgaon,"SIG Global, Sequoia Capital, WaterBridge Ventures and ON Mauritius",Series B,"2,500,000"
13,22/02/2021,Zomato,Hospitality,Online Food Delivery Platform,Gurgaon,"Tiger Global, Kora",Venture,"250,000,000"
14,19/02/2021,Fingerlix,Hospitality,Semi-cooked food delivery app,Mumbai,"Rhodium Trust, Accel Partners and Swiggy",Series C,"2,747,045.20"
15,17/02/2021,Zolve,FinTech,Global Neobank Venture,Mumbai,Accel Partners and Lightspeed Venture Partners,Seed,"1,50,00,000"
16,15/02/2021,KreditBee,Finance,Digital lending platform,Bengaluru,Azim Premji’s PremjiInvest and South Korea’s Mirae Asset Venture,Series C,"75,000,000"
17,12/02/2021,Pepperfry,E-commerce,Multi-brand furniture brand,Mumbai,InnoVen Capital,Debt Financing,"4,773,958"
18,12/02/2021,Grofers,E-Commerce,Online supermarket,Gurgaon,SoftBank Vision Fund (SVF),Unspecified,"55,000,000"
19,09/02/2021,Nothing,Technology,Consumer Technology Venture,London,GV,Series A,"15,000,000"
20,09/02/2021,SplashLearn,EdTech,Game-based learning programme,Gurgaon,Owl Ventures,Series C,"18,000,000"
21,15/01/2021,Digit Insurance,Financial Services,Insurance Services,Bengaluru,"A91 Partners, Faering Capital, TVS Capital Funds",Venture,"1,80,00,000"
22,28/01/2021,Bombay Shaving Company,Consumer Goods Company,"Shave care, beard care, and skincare products",New Delhi,Reckitt Benckiser,Venture,"6,172,258.50"
23,19/01/2021,DeHaat,AgriTech Startup,online marketplace for farm products and services,Patna,Prosus Ventures,Series C,"30,000,000"
24,19/01/2021,Darwinbox,SaaS,HR Tech,Mumbai,Salesforce Ventures,Seed,"15,000,000"
25,18/01/2021,mfine,Health Tech Startup,AI-powered telemedicine mobile app,Bengaluru,Heritas Capital Management,Venture Round,"16,000,000"
26,18/01/2021,Udayy,EdTech,Online learning platform for kids in class 1-5,Gurgaon,Sequoia Capital,Seed Funding,"15,000,000"
27,11/01/2021,True Elements,Food Startup,Whole Food plant based Nashta,Pune,SIDBI Venture Capital,Series,"100,000,000"
28,13/01/2021,Saveo,B2B E-commerce,Pharmacies,Bengaluru,"Matrix Partners India, RTP Global, others",Seed,"4,000,000"
29,15/12/2020,Bira 91,Food and Beverage,Craft Beer,New Delhi,"Nishant Mittal, Pankaj Chaddah and Shikha Sunil Chandak",Funding,"1,273,634.07"
30,21/12/2020,Pine Labs,Financial Services,Payment Solutions Provider,Noida,Lone Pine Capital,Secondary Market,Undisclosed
31,15/12/2020,Zenoti,Technology Provider,Cloud-based software provider for the spa and salon industries,Washington,Advent International,Series D,"160,000,000"
32,22/12/2020,Tax Buddy India,FinTech,Online tax adviser,Mumbai,Zenith Global,Seed,"1,000,000"
33,15/12/2020,Delhivery,Supply chain,Transportation,Gurgaon,Steadview Capital,Secondary Market,"25,000,000"
34,18/12/2020,PagarBook,SaaS,Employee management platform,Bengaluru,Sequoia Capital,Series A,"15,000,000"
35,30/11/2020,Codingal,EduTech,Online coding platform,Bengaluru,"Rebright Partners, Java Capital, and GSF Accelerator",Seed,"560,000"
36,30/11/2020,CRED,Financial Services,Credit Card Behavior Services,Bengaluru,DST Global,Series C,"80,000,000"
37,29/11/2020,Bira 91,Food and Beverage,Craft Beer,New Delhi,"Sofina, Sequoia Capital, Sixth Sense Ventures, Neoplux",Bridge Funding,"3,000,000"
38,27/11/2020,Chumbak,Lifestyle,Gifting Startup,Bengaluru,Gaja Capital Fund (GCFII-A),Pre-series E,"1,001,047.92"
39,25/11/2020,Cityflo,Transportation,App-based bus commute startup,Mumbai,Lightbox Ventures,Series A,"7,700,000"
40,25/11/2020,Shipsy,SaaS,Software Automation Of Logistics,Gurgaon,"Sequoia Capital India’s Surge, Info Edge",Series A,"6,003,806"
41,25/11/2020,Unacademy,Edutech,Online Learning Platform,Bengaluru,"Tiger Global Management, Dragoneer Investment Group",Venture,"75,000,000-100,000,000"
42,24/11/2020,Cashfree,FinTech,Payments and banking technology,Bengaluru,"Matrix Partners India, SAIF Partners, Ward Ferry Management and Bertelsmann India",Series B,"35,300,000"
43,30/11/2020,Credgenics,Fintech,Critical NPA reduction for Fintech lenders and banks,Gurgaon,"Venture Capital firm, Accel Partners and DMI Finance",Pre-Series A,"3,500,000"
44,23/11/2020,Country Delight,Dairy Tech,Milk delivery startup,Gurugram,Elevation Capital,Series C,"25,000,000"
45,28/10/2020,Nykaa,E-commerce,"Beauty, Fashion, Lifestyle, Wellness",Mumbai,Alia Bhatt,Personal Investment,NA
46,28/10/2020,Betterplace,Digital Solutions,Blue Collar Workforce Management Platform,Bangalore,Jungle Ventures,Series B,"10,000,000"
47,28/10/2020,FlexiLoans,FinTech,Digital Lending Platform,Mumbai,Falguni and Sanjay Nayar Family Office,Equity and Debt,"20,160,000"
48,27/10/2020,GetVantage,FinTech,Revenue-Based Financing Platform,Mumbai,"Chiratae Ventures, Dream Incubators",Seed,"5,000,000"
49,27/10/2020,FreshToHome,E-commerce,Food Delivery,Bangalore,"Corporation of Dubai (ICD), Ascent Capital, DFC, the Allana Group",Series C,"121,000,000"
50,27/10/2020,Origo,AgriTech,Agricultural Commodities Management,Gurgaon,Northern Arc Capital,Debt,"4,700,000"
51,27/10/2020,Origo,Advertising,Online Video Editing,Mumbai,Sequoia Capital India,Series A,"15,000,000"
52,15/10/2020,Treebo Hotels,Hospitality,Budget Hospitality Chain,Bangalore,"Matrix Partners India, SAIF Partners, Ward Ferry Management and Bertelsmann India",,"6,000,000"
53,26/10/2020,Hubilo,Information Technology,Virtual Events Platform,"Wilmington, Delaware, United States",Lightspeed Venture Partners,Seed,"4,500,000"
54,28/10/2020,CredAble,FinTech,Supply Chain Finance,Mumbai,Oaks Asset Management and V’Ocean Investment,Follow-On,"4,500,000"
55,08/09/2020,Byju’s,EduTech,Online Tutoring,Bangalore,"Silver Lake, Tiger Global, General Atlantic and Owl Ventures",Private Equity,"500,000,000"
56,12/09/2020,mCaffeine,Personal Care,Skincare & Haircare,Mumbai,"Amicus Capital Private Equity I LLP, Amicus Capital Partners India Fund I and RP-SG Venture Fund 1",Series B,"3,000,000"
57,09/09/2020,Qshala,EduTech,Online Curiosity Platform for Kids,Bangalore,Rainmatter Capital,Angel,"370,000"
58,02/09/2020,Winzo,Online Gaming,Online Gaming,New Delhi,"Kalaari Capital Partners, IndigoEdge Management Consultancy",Series B,"15,500,000"
59,09/09/2020,Hippo Video,Video Customer Experience(CX) Platform,Video Customer Experience(CX) Platform,"Newark, Delaware, United States of Amercia","Alpha Wave Incubation, Exfinity Venture Partners and existing backers.",Series A,"4,500,000"
60,07/09/2020,Melorra,E-commerce,Online Jewelry Store,Bangalore,"Shadow Holdings, Lightbox.",Debt Financing,"upto 8,900,000"
61,07/09/2020,1mg,E-commerce,Online Pharmacy,Gurgaon,"Gaja Capital, Tata Capital, Partners Group",In Progress,"100,000,000"
62,31/08/2020,mfine,HealthTech,On-Demand Healthcare Services,Bangalore,Caretech Pte Inc,Series B,"5,400,000"
63,31/08/2020,Apna,Human Resources,Recruitment Platform,Bangalore,Lightspeed India and Sequoia Capital India,Series A,"8,000,000"
64,03/09/2020,Railofy,Transportation,WL & RAC protection platform,Mumbai,Chiratae Ventures,Seed,"950,000"
65,15/08/2020,Practo,HealthTech,Health care and Wellness,Bangalore,A1A Company,Series F,"32,000,000"
66,13/08/2020,Medlife,E-commerce,Online Pharmacy,Bangalore,Prasid Uno Family Trust and SC Credit Fund,,"23,000,000"
67,13/08/2020,HungerBox,FoodTech,Online Food Delivery Service,Bangalore,"One97, Sabre Partners Trust, Pratithi Investment Trust, and Srihari Kumar",Series D1,"1,560,000"
68,04/08/2020,Dunzo,Hyper-local Logistics,Online Delivery Services,Bangalore,Existing Backers,In Progress,"30,000,000"
69,11/08/2020,Terra.do,EduTech,"Online Climate School, E-learning","Stanford, California,","Stanford Angels and Entrepreneurs (India), BEENEXT Emerging Asia, Rainmatter Capital",Seed,"1,400,000"
70,12/08/2020,Classplus,EduTech,"E-learning, Online Tutoring",Noida,Falcon Edge,In Progress,"upto 15,000,000"
71,14/08/2020,Niyo,FinTech,Financial Services,Bangalore,Niyo Solutions Inc.,,"6,000,000"
72,10/08/2020,ZestMoney,FinTech,Financial Services,Bangalore,Primrose Hills Ventures,,"10,670,000"
73,07/08/2020,FreshToHome,E-commerce,Food Delivery,Bangalore,Ascent Capital,Venture,"16,200,000"
74,13/08/2020,Eduvanz,FinTech,Financial Services,Mumbai,"Sequoia India, Unitus",Series A,"5,000,000"
75,15/07/2020,Flipkart,E-commerce,E-commerce,Bangalore,Walmart Inc,M&A,"1,200,000,000"
76,16/07/2020,Vedantu,EduTech,Online Tutoring,Bangalore,Coatue Management,Series D,"100,000,000"
77,16/07/2020,Crio,EduTech,Learning Platform for Developers,Bangalore,021 Capital,pre-Series A,"934,160"
78,14/07/2020,goDutch,FinTech,Group Payments,Mumbai,"Matrix India,Y Combinator, Global Founders Capital, Soma Capital, and VentureSouq.",Seed,"1,700,000"
79,13/07/2020,Mystifly,Airfare Marketplace,"Ticketing, Airline Retailing, and Post-Ticketing Services",Singapore and Bangalore,Recruit Co. Ltd.,pre-Series B,"3,300,000"
80,09/07/2020,JetSynthesys,Gaming and Entertainment,Gaming and Entertainment,Pune,Adar Poonawalla and Kris Gopalakrishnan.,Venture-Series Unknown,"400,000"
81,10/07/2020,gigIndia,Marketplace,"Crowd Sourcing, Freelance",Pune,Incubate Fund India and Beyond Next Ventures,pre-Series A,"974,200"
82,15/07/2020,PumPumPum,Automotive Rental,Used Car-leasing platform,Gurgaon,Early Adapters Syndicate,Seed,"292,800"
83,14/07/2020,FLYX,OTT Player,Streaming Social Network,New York and Delhi,"Raj Mishra, founder of AIT Global Inc",pre-Seed,"200,000"
84,13/07/2020,Open Appliances Pvt. Ltd.,Information Technology,Internet-of-Things Security Solutions,Bangalore,Unicorn India Ventures,Venture-Series Unknown,"500,000"
85,18/06/2020,Drishti Technologies,Technology,"Artificial Intelligence, Video Analytics",Mumbai,Sozo Ventures,Series B,"25,000,000"
86,17/06/2020,Stellaps,AgriTech,"Farming, Dairy Management Apps",Bangalore,Stride Ventures,Debt Financing,NA
87,17/06/2020,Peppermint,Industrial Robotics,Industrial Robotics,Mumbai,Venture Catalysts and Naveen Kshatriya,Seed,NA
88,16/06/2020,Jai Kisan,Rural FinTech,"AgriTech, Financial Services",Mumbai,Arkam Ventures and NABVENTURES Fund I,Pre-Series A,"3,934,941"
89,16/06/2020,Biomoneta,BioTech,"HealthTech, Biotechnology Research",Bangalore,"Beyond Next Ventures, ArthaVida Ventures and Dr. Aniruddha Malpani",Seed,NA
90,15/06/2020,Sai Estate Management and Skills Institute,EdTech,Education,Mumbai,Suniel Shetty,Angel,NA
91,15/06/2020,LetsTransport,Logistics Solution Provider,"Logistics, Transportation, Travel",Bangalore,Stride Ventures,Venture - Series Unknown,"1,311,647"
92,10/06/2020,WayCool Foods,AgriTech,Food and Beverage,Chennai,Indusland Bank,Series C,"5,500,000"
93,11/06/2020,Myelin Foundry,Deep Tech AI,Artificial Intelligence,Bangalore,Kris Gopalakrishnan’s family office — Pratithi.,Seed,"1,000,000"
94,10/06/2020,Hapramp,"Block Chain, Cryptocurrency","Block Chain, Cryptocurrency",Gurugram,Anand Mahindra,Seed,"1,000,000"
95,21/05/2020,leap.club,Professional Network for Women,Professional Network for Women,Gurugram,"Whiteboard Capital (Sandeep Tandon’s VC fund), FirstCheque, Artha India Ventures, Sweta Rau (Founder, White Ventures), Amrish Rau (CEO Pinelabs, Founder Citrus Pay), Deepak Abbot (Former SVP, Paytm), and Harpreet Singh Grover (Co-founder, Co-Cubes) and others.",Pre Seed,"340,000"
96,20/05/2020,Tring,Advertising,Celebrity Engagement Platform,Mumbai,"Tencent, Ark Impact, KoKalyan Krishnamurthy of Flipkart, Sujeet Kumar of Udaan, Gaurav Munjal of Unacademy, Keshav Sanghi of VentureWorks India, Roman Saini of Unacademy, Hemesh Singh of Unacademy, and Sumit Jain of Opentalk amongst others.",Angel,NA
97,20/05/2020,Khatabook,Utility Solutions Provider,"Financial Services, Accounting, Payments.",Bangalore,"B Capital Group, Sequoia India, Partners of DST Global, Tencent, GGV, RTP Global, Hummingbird Ventures, Falcon Edge Capital, Rocketship.vc, Unilever Ventures, Kevin Weil, Alexander Will, Kunal Shah, Kunal Bahl, and Rohit Bansal",Series B,"60,000,000"
98,19/05/2020,Vakilsearch,LegalTech,"Online professional services platform for lawyers, corporate bodies, and professionals in India.",Chennai,"Udaan co-founder, Sujeet Kumar",Series A,NA
99,19/05/2020,Lendingkart,FinTech,"Financial Services, Lending, Micro Lending.",Ahmedabad,"Fullerton Financial Holdings Pte Ltd (FFH) and Bertelsmann India Investments, Sistema Asia Fund and India Quotient.",Series D,"42,000,000"
100,21/05/2020,No Worry No Tension Healthcare (NWNT),Healthcare,Emotional health and mental health wellness,New Delhi,"Amit Burman, Chairman of Dabur India,",Pre Series A,NA
101,05/05/2020,Classplus,EduTech,"e-learning, education solutions.",Noida,"RTP Global, lume Ventures, Sequoia Capital India's Surge, Spiral Ventures, and Strive.",Series A,"9,000,000"
102,11/05/2020,Nykaa,E-commerce,Cosmetic and Beauty Products,Mumbai,Steadview Capital,Series F,"8,800,000"
103,13/05/2020,Magicpin,E-commerce,E-commerce,Gurugram,"Lightspeed Venture Partners, along with the participation of Moonstone Investments, WaterBridge Venture, The Bunting Family Private Fund, and Srivatsan Rajan",Series C,"4,000,000"
104,18/05/2020,LetsTransport,Logistics Solution Provider,"Logistics, Transportation, Travel",Bangalore,InnoVen Capital,Venture - Series Unknown,"1,700,000"
105,09/04/2020,Vedantu,EduTech,Online Tutoring,Bengaluru,Legend Capital,Series C1,"12,560,000"
106,06/04/2020,Swiggy,Online Food Delivery,Online Food Delivery,Bengaluru,"Tencent, Ark Impact, Korea Investment Partners, Samsung Ventures, and Mirae Asset Capital Markets",Series 1,"43,000,000"
107,08/04/2020,Zupee,Gaming,Gaming,Gurugram,"Matrix Partners India, Falcon Edge Capital, WestCap Group, Orios Venture Partners and Smile Group",Series A,"8,000,000"
108,07/04/2020,DeHaat,AgriTech,AgriTech,Patna,"Sequoia Capital India, FMO, Omnivore and AgFunder.",Series A,"12,000,000"
109,15/04/2020,BigBasket,E-commerce,Online Grocery Delivery,Bengaluru,Alibaba Group,Debt Financing,"50,000,000"
110,08/04/2020,Fingerlix,Food Delivery,Ready-to-Cook Food,Mumbai,"Accel, Zephyr Peacock, Swiggy, and RB Investments",Series C,"1,800,000"
111,31/03/2020,Nykaa,E-commerce,Cosmetic and Beauty Products,Mumbai,Steadview Capital,Series F,"13,000,000"
112,02/04/2020,Recko,Digital Reconcilation and Financial Services,AI-powered Reconciliation of Digital Transactions,Bengaluru,Vertex Ventures Southeast Asia and India and Prime Venture Partners,Series A,"6,000,000"
113,04/03/2020,Soxytoes,E-commerce,Socks,Noida,Angel Networks,Angel,NA
114,02/03/2020,Chqbook.com,Finance,Financial Services,Gurugram,Aavishkaar Capital,Series A,"5,000,000"
115,06/03/2020,Paperboat,E-commerce,Beverages and Snacks,Bengaluru,"Advent Management, A91 Emerging Fund, and Trifecta Venture.",Debt Financing,"4,000,000"
116,13/03/2020,CollegeKhabri,EduTech,Education,Bhopal,Vdiec Global,Angel,NA
117,12/03/2020,FamPay,Finance,Online Payment,Bengaluru,"Y Combinator, Venture Highway, Sequoia India, and GFC (Global Founders Capital).",Seed,"4,700,000"
118,12/03/2020,MultiLiving,Real Estate,Home Renting and Management,Mumbai,Lodha Ventures,Series A,"6,000,000"
119,12/03/2020,Ola Electric,Transport,Cab and Bike Taxi,Bengaluru,Pawan Munjal Family Trust,Series B,"1,000,000"
120,12/03/2020,Mera Kisan,Food Production,Organic Products,Pune,Ajinkya Rahane,Private Equity,NA
121,03/02/2020,1mg,E-commerce,Medicine,Gurugram,Bill & Melinda Gates Foundation,Venture Series,"10,000,000"
122,03/02/2020,RACEnergy,Transportation,Electric Vehicle,Hyderabad,GrowX Ventures,Seed,NA
123,31/01/2020,Adonmo,Advertising,Advertising,Hyderabad,BAce Capital,Pre-Series A,"3,000,000"
124,31/01/2020,DoubtNut,Education,Online Tutoring,Gurugram,Tencent Holdings,Series A,"15,000,000"
125,30/01/2020,MultiplyMyLeads,Real Estate,Real Estate,New Delhi,Frontline Strategy Funds and SucSEED Venture Partners.,Venture Series,NA
126,03/02/2020,Embibe,EduTech,AI based learning,Mumbai,Reliance Industries Limited (RIL),Venture Series,"12,625,020"
127,10/02/2020,FirstCry,E-commerce,Baby Products,Pune,Softbank Vision Fund,Series E,"296,000,000"
128,10/02/2020,Pepperfry,E-commerce,Furniture,Mumbai,Pidilite Industries,Series F,"37,000,000"
129,18/02/2020,MaxWholesale,E-commerce,B2B platform for groceries,New Delhi,IAN Fund and Al Falaj Investment Co,Series A,"3,000,000"
130,06/02/2020,Dot,Information Technology and Services,Information Technology and Services,Gurgaon,PayU and Fosun RZ Capital,Seed,"8,000,000"
131,09/01/2020,BYJU’S,E-Tech,E-learning,Bengaluru,Tiger Global Management,Private Equity Round,"200,000,000"
132,13/01/2020,Shuttl,Transportation,App based shuttle service,Gurgaon,Susquehanna Growth Equity,Series C,"8,048,394"
133,09/01/2020,Mamaearth,E-commerce,Retailer of baby and toddler products,Bengaluru,Sequoia Capital India,Series B,"18,358,860"
134,02/01/2020,https://www.wealthbucket.in/,FinTech,Online Investment,New Delhi,Vinod Khatumal,Pre-series A,"3,000,000"
135,02/01/2020,Fashor,Fashion and Apparel,Embroiled Clothes For Women,Mumbai,Sprout Venture Partners,Seed Round,"1,800,000"
136,13/01/2020,Pando,Logistics,"Open-market, freight management platform",Chennai,Chiratae Ventures,Series A,"9,000,000"
137,10/01/2020,Zomato,Hospitality,Online Food Delivery Platform,Gurgaon,Ant Financial,Private Equity Round,"150,000,000"
138,12/12/2019,Ecozen,Technology,Agritech,Pune,Sathguru Catalyzer Advisors,Series A,"6,000,000"
139,06/12/2019,CarDekho,E-Commerce,Automobile,Gurgaon,Ping An Global Voyager Fund,Series D,"70,000,000"
140,3/12/2019,Dhruva Space,Aerospace,Satellite Communication,Bengaluru,"Mumbai Angels, Ravikanth Reddy",Seed,"50,000,000"
141,13/12/2019,Rivigo,Technology,Logistics Services and Solutions,Gurgaon,"SAIF Partners, Spring Canter Investment Ltd.",Series F,"20,000,000"
142,17/12/2019,Healthians,B2B-focused foodtech startup,Food Solutions For Corporate,Bengaluru,"Paytm, NPTK, Sabre Partners and Neoplux",Series C,"12,000,000"
143,16/12/2019,Licious,E-Commerce,Online Meat And Seafood Ordering Startup,Bengaluru,Vertex Growth Fund,Series E,"30,000,000"
144,16/12/2019,InCred,Finance,Non-Banking Financial Company,Mumbai,,Debt Funding,"5,900,000"
145,14/12/2019,Trell,Video,Experience Discovery Platform,Bengaluru,Ruizheng Investment,Seed Round,"2,000,000"
146,11/12/2019,Rein Games,Gaming,Real money based gaming startup,Noida,Manipal Education and Medical Group (MEMG),Seed Round,"50,000,000"
147,20/12/2019,Lenskart.com,E-Commerce,Online Eyewear Shopping Portal,Faridabad,SoftBank Vision Fund,Series G,"231,000,000"
148,13/11/2019,Freshworks,Software,Business and customer engagement tools,San Francisco,"Sequoia, CapitalG, Accel",Series H,"15,000,0000"
149,14/11/2019,Misters,Health and wellness,Men's Health and Wellness brand,Gurgaon,"Sauce.vc, Rainforest Ventures",Series B,"486,000"
150,13/11/2019,Sunstone Eduversity Pvt. Ltd,Education,Elearning,Gurgaon,"Prime Venture Partners, LetsVenture, PS1 Venture and GlobalLogic co-founder Rajul Garg",Seed,"1,500,000"
151,17/11/2019,Burger Singh,Food and Beverage,Indian Burger Brand,Gurgaon,RB Investments,Venture,undisclosed
152,18/11/2019,Healthians,Health and Wellness,Healthcare services,Gurgaon,"DG Daiwa Ventures, DG Incubation",Series B,"12,000,000"
153,15/11/2019,Ninjacart,B2B Marketing,Agritech,Bengaluru,Trifecta Capital Advisors,Debt Funding,"26,000,000"
154,20/11/2019,Aye Finance,FinTech,Financial Services To MSMEs,Gurgaon,FinTech,Debt Funding,"17,411,265"
155,12/11/2019,SuperGaming,Video Games,Social gaming platform,Pune,Dream Incubator,Seed Funding,"1,300,000"
156,20/11/2019,Clumio,SaaS,Recovery software,"San Jose,","Altimeter Capital, Sutter Hill Ventures",Series C,"135,000,000"
157,11/11/2019,eBikeGo,Last Mile Transportation,Electric bike rental,Amritsar,Startup Buddy,Seed,"300,000"
158,04/10/2019,Dunzo,Customer Service,Delivery Service,Bengaluru,Lightbox,Series D,"4,50,00,000"
159,02/10/2019,Udaan,B2B,Business development,Bengaluru,"Altimeter Capital, DST Global",Series D,"58,50,00,000"
160,21/10/2019,The Man Company,Consumer Goods,Beauty and Grooming,Gurgaon,Ayushmann Khurana,Corporate Round,unknown
161,05/09/2019,FPL Technologies,FinTech,Financial Services,Pune,"Matrix Partners India, Sequoia India",Maiden Round,"4,500,000"
162,04/09/2019,Cashflo,FinTech,Invoice discounting platform and SME lending marketplace,Mumbai,SAIF Partners,Series A,"3,300,000"
163,04/09/2019,Digital F5,"Advertising, Marketing",Digital marketing firm,Mumbai,TIW Private Equity,Private Equity Round,"6,000,000"
164,04/09/2019,3rdFlix,SaaS,Education Technology,Hyderabad,Exfinity Venture Partners,pre-series A,"5,000,000"
165,04/09/2019,75F,IoT,Building automation system,Burnsville,Breakthrough Energy Ventures,Series A,"18,000,000"
166,04/09/2019,Myelin Foundry,Information Technology,Deep-technology,Bengaluru,Endiya Partners,Seed,"10,00,000"
167,04/09/2019,Atomberg Technology,Consumer Technology,"Consumer Electronics, Home Appliances",Mumbai,A91 Partners,Series A,"10,000,000"
168,04/09/2019,GOQii,Health and Wellness,Wearable Fitness Bands,Menlo Park,Bennett Coleman and Company Ltd (BCCL),Series C,"450,000,000"
169,03/09/2019,Vyapar App,Accounting,Mobile-based Accounting Software,Bengaluru,"India Quotient, Axilor Ventures",Series A,"5,000,000"
170,,,,,,,,
171,01/08/2019,CarDekho,E-Commerce,Automotive,Gurgaon,SC GG India Mobility Holdings LLC,Series C,"20,000,000"
172,01/08/2019,Progcap,Finance,Supply Chain Management,New Delhi,Sequoia India,Series A,"5,000,000"
173,01/08/2019,MyPetrolPump,Retail,Fuel Delivery,Bengaluru,,Seed Funding Round,"1,600,000"
174,01/08/2019,Alteria Capital,Finance,VC Funds,Mumbai,"Azim Premji, Binny Bansal",Single Venture,"140,000,000"
175,01/08/2019,Pine Labs,Information Technology,Last-mile retail transaction technology,Noida,Pine Labs Pte Ltd,Corporate Round,"38,080,000"
176,12/08/2019,Meesho,E-Commerce,Social Commerce,Bengaluru,Naspers,Series D,"125,000,000"
177,13/08/2019,Cars24,E-Commerce,Car Retail,Gurugram,MS Dhoni,Series D,"11,000,000"
178,13/08/2019,Uniphore,Customer Service Platform,Conversational AI,Palo Alto,March Capital Partners,Series C,"51,000,000"
179,23/08/2019,Zendrive,Automotive,Road Safety Analytics,San Francisco,XL Innovate,Series B,"37,000,000"
180,23/08/2019,Lo! Foods,Consumer Goods,Low carb food for Diabetics,Bengaluru,"Rashmi Daga (founder, FreshMenu), Raveen Sastry (co-founder, Myntra) and Mitesh Shah (finance chief, BookMyShow)",Seed Round,"500,000"
181,02/07/2019,RenewBuy,Finance,Auto Insurance,Gurgaon,"Lok Capital, IIFL Wealth",Series B,"19,000,000"
182,02/07/2019,Atlan,Information Technology,Big Data,Singapore,WaterBridge Ventures,Pre-Series A,"2,500,000"
183,01/07/2019,WizCounsel,Compliance,Consulting,New Delhi,Kapil Dev,Angel,"145,000"
184,03/07/2019,Ola Cabs,Transport,Cabs,Kormangala,"DIG Investment Ab, Deshe Holdings, Samih Toukan and Hussam Khoury",Series J,"1,000,000"
185,01/07/2019,Uniphore,Artificial Intelligence,Speech Recognition,Taramani,March Capital Partners,Series C,"38,080,000"
186,04/07/2019,Daalchini Technologies,Food and Beverage,Digital Vending Machine,New Delhi,Artha Venture,Seed Round,"500,000"
187,10/07/2019,BYJU'S,EdTech,Education,Bengaluru,Qatar Investment Authority,Private Equity Round,"150,000,000"
188,11/07/2019,Moglix,E-Commerce,Industrial Tools and Equipments,Singapore,"Composite Capital Management, Sequoia Capital India, Tiger Global Management",Series D,"60,000,000"
189,10/07/2019,Ezyhaul,Tech,Logistics,Singapore,Undisclosed,Series B,"16,000,000"
190,10/07/2019,Indus OS,Tech,Smartphone Operating System,Andheri,Ventureast,Series B,"5,750,000"
191,05/06/2019,NoBroker,E-Commerce,Real Estate,Bengaluru,General Atlantic,Series C,"5,10,00,000"
192,04/06/2019,Bira91,Food and Beverage,Brewery,New Delhi,Anicut Capital,Debt Funding,"1,00,00,000"
193,03/06/2019,FabHotels,E-Commerce,Hospitality,Gurgaon,"Goldman Sachs, Accel Partners and Qualcomm",,"48,89,975.54"
194,03/06/2019,Avail Finance,Finance,FinTech,Bengaluru,Matrix Partners,Series A,"90,00,000"
195,04/06/2019,BharatPe,Finance,FinTech,New Delhi,Insight Partners,Series B,"7,50,00,000"
196,04/06/2019,Recykal,Waste Management Service,Optimization,Hyderabad,"Triton Investment Advisors, Pidilite Industries director Ajay Parekh",pre-Series A,"26,000,000"
197,03/06/2019,Agara Labs,Deep-Tech,Artificial Intelligence,Bengaluru,Blume Ventures and RTP Global,pre-Series A,"25,00,000"
198,06/06/2019,Sistema.bio,Agriculture,Hybrid Reactor Biodigestor,Nairobi,"Shell Foundation, DILA CAPITAL, Engie RDE Fund, EcoEnterprise Fund, EDFIMC (ElectriFI), Endeavor Catalyst Fund, CoCapital, Triodos, Alpha Mundi, and Lendahand",,"27,39,034.68"
199,06/06/2019,Chakr Innovation,Energy,Renewable Energy,New Delhi,IAN Fund,Series A,"26,000,000"
200,06/06/2019,Pratilipi,Digital Media,E-Books,Bengaluru,Qiming Venture Partners,Series B,"1,51,09,500.00"
201,06/05/2019,Ola Electric,Transport,Cabs,Bengaluru,Tata Sons,Series A,undisclosed
202,06/05/2019,Saahas Zero Waste,Waste Management Service,Optimization,Bengaluru,C4D Partners,Venture - Series Unknown,"868,600"
203,05/05/2019,StyleDotMe,E-commerce,Fashion and Shopping,Delhi,"Indian Angel Network and other angel investors, Innov8 founder Ritesh Malik, Josh Talks founders Supriya Paul and Shobha Banga, and former Hero Corporate president Rohit Chanana",Bridge Round,undisclosed
204,01/05/2019,BlackBuck,Transport,Logistics,Bengaluru,"Goldman Sachs Investment Partners and Silicon Valley-based Accel, Wellington, Sequoia Capital, B Capital, LightStreet, Sands Capital and International Finance Corporation,",Series D,"150,000,000"
205,02/05/2019,Zenoti,Saas,Beauty and Wellness Industry,Hyderabad,Tiger Global Management,Series C,"50,000,000"
206,28/05/2019,Ather Energy,Automobile,Electric Vehicle,Bengaluru,Sachin Bansal,Series C,"5,10,00,000"
207,28/05/2019,FreshVnF,Agtech,Fresh Agriculture Produces,Mumbai,Equanimity Ventures,Seed Round,"14,00,00,000"
208,30/05/2019,GlowRoad,E-commerce,Retail,Bengaluru,"Korea Investment Partners, Vertex Ventures",Series B,"1,15,00,000"
209,31/05/2019,Bira91,Food and Beverage,Brewery,New Delhi,Sixth Sense Ventures,Series B,"56,00,000"
210,16/04/2019,Kuvera,Finance,Wealth Management,Bengaluru,Eight Roads,Series A,"45,000,000"
211,12/04/2019,Medlife,E-commerce,Online Medicine,Bengaluru,Prasid Uno Family Trust,Private Equity,"17,000,000"
212,10/04/2019,Kabadiwala,E-commerce,Waste Management,Bhopal,"Unilever, Beehive Capital Advisor, ABCOM Investments, Parekh Marine Transport,",Private Equity,"430,665"
213,13/04/2019,Tripoto,Social Media,Travel,New Delhi,"Orchid India, Hornbill Orchid India Fund, Chiratae Ventures (formerly IDG Ventures), 3one4 Capital, Lasmer NV",Series B,"3,591,375"
214,12/04/2019,Azah,Health and Wellness,Organic wellness,Gurugram,Unnamed angel investors,Seed Funding,"200,000"
215,11/04/2019,Setu,Fintech,Banking,Bengaluru,Lightspeed India Partners,Seed Funding,"3,500,000"
216,10/04/2019,Toppr,Edtech,E-learning,Mumbai,Milestone,Debt and Preference capital,"6,320,820"
217,10/04/2019,Craftsvilla,E-commerce,Fashion and Apparel,Mumbai,Supera Pte Ltd,Inhouse Funding,"2,443,495"
218,10/04/2019,Unacademy,Edtech,E-learning,Bengaluru,Kalyan Krishnamurthy,Seed/ Angel Funding,"307,000"
219,11/04/2019,CleverTap,SaaS,Mobile analytics and marketing,Mumbai,"Sequoia India, Tiger Global Management, Accel Partners",Series B,"26,000,000"
220,1/02/2019,FleetX,AI,Logistics,Gurgaon,India Quotient and LetsVenture’s Angel Fund,Pre Series A,Undisclosed
221,8/02/2019,Zilingo,Ecommerce,Fashion & Apparel,India/Singapore,"Sequoia Capital and Temasek Holdings, EDBI, Burda Principal Investments, and Sofina",Series D,"226,000,000"
222,13/02/2019,NanoClean Global,Nanotechnology,Anti-Pollution,New Delhi,"LetsVenture, PitchRight Venture, 91SpringBoard, AL Nour International Holdings and Mark V Investments",Series A,"600,000"
223,14/02/2018,OyoRooms,Hospitality,Budget Rooms,Gurgaon,DiDi Chuxing,Equity,"100,000,000"
224,03/01/2019,CarDekho,Automobile,Online Marketplace,Jaipur,"Sequoia India, Hillhouse Capital, Alphabet’s growth investment arm Capital G and Axis Bank",Series C,"110,000,000"
225,04/01/2019,Vyome Therapeutics Inc.,Health and Wellness,Specialty pharmaceutical,India/US,"Iron Pillar, Perceptive Advisors, Romulus Capital and Kalaari Capital",Series D,"22,000,000"
226,04/01/2019,Samunnati Financial Intermediation & Services Pvt. Ltd,Finance,Non-banking financial company,Chennai,"MASSIF, a Dutch government fund",Debt-Funding,"5,000,000"
227,04/12/2018,Manch,Social Media,Hyperlocal Content,Delhi,Stellaris Venture Partners,Seed Funding,"700,000"
228,01/12/2018,UrbanClap Technologies Pvt. Ltd,Services Platform,Home services marketplace,New Delhi,Steadview Capital and Vy Capital.,Series D,"50,000,000"
229,02/12/2018,Guiddoo,Travel Tech,Platform for travel agents,Mumbai,Individual Investors,Pre-Series A,"800,000"
230,02/12/2018,Career Anna,Online Education,"Video-based certification, trainings",Gurugram,Individual Investors,Pre-Series A,"572,000"
231,04/12/2018,Nagpur Wholesale,Online Marketplace,eCommerce,Nagpur,Omphalos Ventures India LLP,Seed Funding,"143,000"
232,06/12/2018,ShopKirana,B2B,eCommerce,Indore,"Info Edge, AET Fund, Akatsuki and Incubate Fund from Japan and Better Capital AngelList syndicate.",Seed Funding,"2,000,000"
233,06/12/2018,BuildSupply,"SaaS, Ecommerce","Real Estate, ERP",Gurugram,"Venture Highway, GREE Ventures, Space Matrix, Individual Investors",Series A,"3,500,000"
234,01/11/2018,GoDesi,Food and Beverage,Regional Flavours,Bengaluru,Lead Angels Network,Seed/ Angel Funding,"1,38,995"
235,03/11/2018,Veritas Finance Ltd.,NBFC,MSME Finance,Chennai,"Norwest Venture Partners, CDC Group, the UK’s Development Finance Institution and P Surendra Pai",Series D,"27,799,000"
236,06/11/2018,Meesho,Ecommerce,Social Commerce,Bengaluru,"Shunwei Capital, DST Partners and RPS Ventures",Series C,"50,000,000"
237,08/11/2018,Mobile Premier League,Gaming,Mobile e-Sports,Bengaluru,Undisclosed,Series A,"5,00,000"
238,8/11/2018,A&R Bon Vivants,Food,Meat Retail Chain,Jaipur,"RB Investments, Singapore",Equity,"1,000,000"
239,12/11/2018,Blackbuck,Food Tech,POS For Online Ordering,"New York, Bengaluru",Tiger Global,Series A,"1,000,000"
240,12/11/2018,MilkBAsket,Food,Micro-delivery grocery service,New Delhi,Mayfield Fund,Series B,"1,300,000"
241,13/11/2018,DriveU,Transport,On-Demand Drivers,Bengaluru,Stevens Creek Ventures,Mezzanine,"1,000,000"
242,14/11/2018,CleanseCar,Services,Car Wash,Bengaluru,Venture Catalysts,Seed/ Angel Funding,"500,000"
243,19/11/2018,Automation Anywhere,Automation,Robotics,California,SoftBank Vision Fund,Series B,"300,000,000"
244,01/10/2018,Northmist,Fashion,Mens Wear,Delhi,Prashant Jaiswal,Seed/ Angel Funding,N/A
245,02/10/2018,Origo Commodities India Pvt. Ltd,Logistics,Supply Chain,Hyderabad,"Cooperative Oikocredit, Caspian and Hivos-Triodos Fund",Seed/ Angel Funding,"11,000,000"
246,04/10/2018,Grover Zampa,Food,Wine,Mumbai,Ravi Viswanathan,Private Equity,"8,200,000"
247,05/10/2018,Droom,Automobile,New and Used Cars Platform,Gurgaon,ZigExN,Series E,"30,00,000"
248,11/10/2018,Innov8,Real Estate,Co-Working,New Delhi,Credence Family Office,Pre-Series A,"4,000,000"
249,12/10/2018,Blackbuck,Logistics Tech,Largest Trucking Platform,Bengaluru,Sequoia Capital India,Private Funding,"14,680,000"
250,12/10/2018,LetsTransport,Logistics Tech,Book Trucks Online,Bengaluru,Fosun International,Series C,"12,000,000"
251,01/09/2018,Netmeds,Consumer Internet,Online Pharmacy Chain,Chennai,"Sistema Asia Fund, Sistema JSFC and Tanncam Investment",Private Equity,"35,000,000"
252,03/09/2018,Udaan,B2B Platform,Logistics and Shipping,Bengaluru,DST Global and Lightspeed Venture Partners’ global fund.,Private Equity,"225,000,000"
253,03/09/2018,Daily hunt,Consumer Internet,News and ebooks Mobile App ,Bengaluru,Falcon Edge,Private Equity,"63,90,000"
254,04/09/2018,3HCare,Healthcare,Healthcare Service Provider,Delhi,N/A,Seed / Angel Funding,"1,000,000"
255,04/09/2018,HappyGoEasy,Consumer Internet,Online Travel Agecy,Gurugram,"Korea Investment Partners (KIP), Samsung and China-based CITIC Capital and others",Private Equity,N/A
256,05/09/2018,Nykaa,Consumer Internet,Online Marketplace For Multi-brand Beauty Cosmetic and Wellness Products,Mumbai,Lighthouse,Private Equity,"15,72,00,000"
257,05/09/2018,Mad Street Den,Technology,Computer Vision And Artificial Intelligence (Ai) Platform,Chennai,KDDI ,Private Equity,N/A
258,06/09/2018,Dream11,Consumer Internet,Online Gaming Platform,Mumbai,"Tencent, Kalaari Capital and Private equity firm Multiples Alternate Asset Management",Private Equity,"100,000,000"
259,10/09/2018,MamaEarth,Healthcare,Online Marketplace For Mother and Babycare Products,Gurugram,Stellaris Ventures & Others,Private Equity,"4,000,000"
260,11/09/2018,AutoGrid,Technology,AI-Based Energy Optimisation and Control Provider,Bengaluru,"CLP Holdings Group, Innogy, Ørstead, and Tenaska",Private Equity,"32,000,000"
261,01/08/2018,dishq,Food-Tech,Personalisation Technology Firm Focusing On The Food And Beverage Industry,Bengaluru,"Farm To Fork, Arts Alliance, The Syndicate Fund, Sven Hensen, Zeroth and Artesian Venture Partners",Seed/ Angel Funding,"400,000"
262,01/08/2018,HealthFin,Finance,Patient Financing Platform,Pune,"Axilor, Sprout Venture Partners and others",Seed/ Angel Funding,N/A
263,02/08/2018,Samosa Labs,Consumer Internet,Social Media and Chat Entertainment Platform,Hyderabad,Xiaomi and Sequoia Capital India,Private Equity,"7,000,000"
264,03/08/2018,ZiffyHomes,Consumer Internet,Online Home Rental Marketplace,Gurugram,Y Combinator,Private Equity,"120,000"
265,07/08/2018,My OmNamo,Consumer Internet,Holy Platform Offering Customised Puja Packages To Individuals and Corporates,Mumbai,N/A,Seed/ Angel Funding,"1,000,000"
266,07/08/2018,ShopX,Consumer Internet,Assisted E-commerce Platform,Bengaluru,Fung Strategic Holdings,Private Equity,"35,000,000"
267,07/08/2018,MakeMyTrip,Consumer Internet,Online Travel Aggregator,Gurugram,MakeMyTrip Limited,Private Equity,"10,000,000"
268,08/08/2018,Hansel io,Consumer Internet,Real-time Mobile App Management,Bengaluru,Vertex Ventures,Seed/ Angel Funding,"40,00,000"
269,08/08/2018,Metro Bikes,Consumer Internet,Online Bike Rental Marketplace,Bengaluru,"Sequoia Capital India Advisors, Accel Partners and G Raghunandan",Private Equity,"12,200,000"
270,08/08/2018,Phone Pe,Consumer Internet,UPI Payments App,Bengaluru,Flipkart,Private Equity,"66,000,000"
271,01/07/2018,Leena AI,Technology,HR Virtual Agent For Employees,Gurugram,Y Combinator,Seed/ Angel Funding,N/A
272,02/07/2018,Biryani By Kilo,Consumer Internet,Online Food Delivery,Gurugram,Ajay Relan and Vinay Mittal,Seed/ Angel Funding,"1,000,000"
273,04/07/2018,Anchanto,IT,E-commerce Fulfilment Platform,Pune,MDI Ventures & Telkom Indonesia,Private Equity,"4,000,000"
274,05/072018,Loan Tap,Consumer Internet,Online Lending Platform For Salaried Professionals,Mumbai,"Shunwei Capital, Tuscan Ventures, Ashish Goenka, VC firms India Quotient and Kae Capital",Private Equity,"62,50,000"
275,06/07/2018,PolicyBazaar,Consumer Internet,Online Insurance Selling Platform,Gurugram,Info Edge (India) Ltd and Temasek,Private Equity,"2,7700,000"
276,09/07/2018,zippserv,Consumer Internet,Online Platform For Risk-Assessment Services For Real Estate Investments,Bengaluru,Info Edge (India) Ltd,Seed/ Angel Funding,"440,000"
277,09/07/2018,Groww,Consumer Internet,Online Platform That Sells Direct Plans Of Mutual Funds,Bengaluru,"Insignia Ventures Partners, Lightbridge Partners & Kairos",Seed/ Angel Funding,"1,100,000"
278,10/07/2018,Avenue Growth,Consumer Internet,Online Platform That Connects Brands With Freelance Sales Professionals,Gurugram,"Avtar Monga, chief operating office at IDFC Bank, Aditya Malik & Others",Seed/ Angel Funding,"437,000"
279,10/07/2018,iNICU,Healthcare,Med-tech Platform Providing Care For Newborns,Delhi,Venture Catalysts,Seed/ Angel Funding,N/A
280,10/07/2018,Kinara Capital,Finance,Lending Platform For Micro and Small Enterprises,Bengaluru,ResponsAbility,Private Equity,"5,000,000"
281,01/10/2018,Northmist,Fashion,Mens Wear,Delhi,Prashant Jaiswal,Seed/ Angel Funding,N/A
282,02/10/2018,Origo Commodities India Pvt. Ltd,Logistics,Supply Chain,Hyderabad,"Cooperative Oikocredit, Caspian and Hivos-Triodos Fund",Seed/ Angel Funding,"11,000,000"
283,04/10/2018,Grover Zampa,Food,Wine,Mumbai,Ravi Viswanathan,Private Equity,"8,200,000"
284,05/10/2018,Droom,Automobile,New and Used Cars Platform,Gurgaon,ZigExN,Series E,"30,00,000"
285,11/10/2018,Innov8,Real Estate,Co-Working,New Delhi,Credence Family Office,Pre-Series A,"4,000,000"
286,12/10/2018,Blackbuck,Logistics Tech,Largest Trucking Platform,Bengaluru,Sequoia Capital India,Private Funding,"14,680,000"
287,12/10/2018,LetsTransport,Logistics Tech,Book Trucks Online,Bengaluru,Fosun International,Series C,"12,000,000"
288,01/09/2018,Netmeds,Consumer Internet,Online Pharmacy Chain,Chennai,"Sistema Asia Fund, Sistema JSFC and Tanncam Investment",Private Equity,"35,000,000"
289,03/09/2018,Udaan,B2B Platform,Logistics and Shipping,Bengaluru,DST Global and Lightspeed Venture Partners’ global fund.,Private Equity,"225,000,000"
290,03/09/2018,Daily hunt,Consumer Internet,News and ebooks Mobile App ,Bengaluru,Falcon Edge,Private Equity,"63,90,000"
291,04/09/2018,3HCare,Healthcare,Healthcare Service Provider,Delhi,N/A,Seed / Angel Funding,"1,000,000"
292,04/09/2018,HappyGoEasy,Consumer Internet,Online Travel Agecy,Gurugram,"Korea Investment Partners (KIP), Samsung and China-based CITIC Capital and others",Private Equity,N/A
293,05/09/2018,Nykaa,Consumer Internet,Online Marketplace For Multi-brand Beauty Cosmetic and Wellness Products,Mumbai,Lighthouse,Private Equity,"15,72,00,000"
294,05/09/2018,Mad Street Den,Technology,Computer Vision And Artificial Intelligence (Ai) Platform,Chennai,KDDI ,Private Equity,N/A
295,06/09/2018,Dream11,Consumer Internet,Online Gaming Platform,Mumbai,"Tencent, Kalaari Capital and Private equity firm Multiples Alternate Asset Management",Private Equity,"100,000,000"
296,10/09/2018,MamaEarth,Healthcare,Online Marketplace For Mother and Babycare Products,Gurugram,Stellaris Ventures & Others,Private Equity,"4,000,000"
297,11/09/2018,AutoGrid,Technology,AI-Based Energy Optimisation and Control Provider,Bengaluru,"CLP Holdings Group, Innogy, Ørstead, and Tenaska",Private Equity,"32,000,000"
298,01/08/2018,dishq,Food-Tech,Personalisation Technology Firm Focusing On The Food And Beverage Industry,Bengaluru,"Farm To Fork, Arts Alliance, The Syndicate Fund, Sven Hensen, Zeroth and Artesian Venture Partners",Seed/ Angel Funding,"400,000"
299,01/08/2018,HealthFin,Finance,Patient Financing Platform,Pune,"Axilor, Sprout Venture Partners and others",Seed/ Angel Funding,N/A
300,02/08/2018,Samosa Labs,Consumer Internet,Social Media and Chat Entertainment Platform,Hyderabad,Xiaomi and Sequoia Capital India,Private Equity,"7,000,000"
301,03/08/2018,ZiffyHomes,Consumer Internet,Online Home Rental Marketplace,Gurugram,Y Combinator,Private Equity,"120,000"
302,07/08/2018,My OmNamo,Consumer Internet,Holy Platform Offering Customised Puja Packages To Individuals and Corporates,Mumbai,N/A,Seed/ Angel Funding,"1,000,000"
303,07/08/2018,ShopX,Consumer Internet,Assisted E-commerce Platform,Bengaluru,Fung Strategic Holdings,Private Equity,"35,000,000"
304,07/08/2018,MakeMyTrip,Consumer Internet,Online Travel Aggregator,Gurugram,MakeMyTrip Limited,Private Equity,"10,000,000"
305,08/08/2018,Hansel io,Consumer Internet,Real-time Mobile App Management,Bengaluru,Vertex Ventures,Seed/ Angel Funding,"40,00,000"
306,08/08/2018,Metro Bikes,Consumer Internet,Online Bike Rental Marketplace,Bengaluru,"Sequoia Capital India Advisors, Accel Partners and G Raghunandan",Private Equity,"12,200,000"
307,08/08/2018,Phone Pe,Consumer Internet,UPI Payments App,Bengaluru,Flipkart,Private Equity,"66,000,000"
308,01/07/2018,Leena AI,Technology,HR Virtual Agent For Employees,Gurugram,Y Combinator,Seed/ Angel Funding,N/A
309,02/07/2018,Biryani By Kilo,Consumer Internet,Online Food Delivery,Gurugram,Ajay Relan and Vinay Mittal,Seed/ Angel Funding,"1,000,000"
310,04/07/2018,Anchanto,IT,E-commerce Fulfilment Platform,Pune,MDI Ventures & Telkom Indonesia,Private Equity,"4,000,000"
311,05/072018,Loan Tap,Consumer Internet,Online Lending Platform For Salaried Professionals,Mumbai,"Shunwei Capital, Tuscan Ventures, Ashish Goenka, VC firms India Quotient and Kae Capital",Private Equity,"62,50,000"
312,06/07/2018,PolicyBazaar,Consumer Internet,Online Insurance Selling Platform,Gurugram,Info Edge (India) Ltd and Temasek,Private Equity,"2,7700,000"
313,09/07/2018,zippserv,Consumer Internet,Online Platform For Risk-Assessment Services For Real Estate Investments,Bengaluru,Info Edge (India) Ltd,Seed/ Angel Funding,"440,000"
314,09/07/2018,Groww,Consumer Internet,Online Platform That Sells Direct Plans Of Mutual Funds,Bengaluru,"Insignia Ventures Partners, Lightbridge Partners & Kairos",Seed/ Angel Funding,"1,100,000"
315,10/07/2018,Avenue Growth,Consumer Internet,Online Platform That Connects Brands With Freelance Sales Professionals,Gurugram,"Avtar Monga, chief operating office at IDFC Bank, Aditya Malik & Others",Seed/ Angel Funding,"437,000"
316,10/07/2018,iNICU,Healthcare,Med-tech Platform Providing Care For Newborns,Delhi,Venture Catalysts,Seed/ Angel Funding,N/A
317,10/07/2018,Kinara Capital,Finance,Lending Platform For Micro and Small Enterprises,Bengaluru,ResponsAbility,Private Equity,"5,000,000"
318,01/10/2018,Northmist,Fashion,Mens Wear,Delhi,Prashant Jaiswal,Seed/ Angel Funding,N/A
319,02/10/2018,Origo Commodities India Pvt. Ltd,Logistics,Supply Chain,Hyderabad,"Cooperative Oikocredit, Caspian and Hivos-Triodos Fund",Seed/ Angel Funding,"11,000,000"
320,04/10/2018,Grover Zampa,Food,Wine,Mumbai,Ravi Viswanathan,Private Equity,"8,200,000"
321,05/10/2018,Droom,Automobile,New and Used Cars Platform,Gurgaon,ZigExN,Series E,"30,00,000"
322,11/10/2018,Innov8,Real Estate,Co-Working,New Delhi,Credence Family Office,Pre-Series A,"4,000,000"
323,12/10/2018,Blackbuck,Logistics Tech,Largest Trucking Platform,Bengaluru,Sequoia Capital India,Private Funding,"14,680,000"
324,12/10/2018,LetsTransport,Logistics Tech,Book Trucks Online,Bengaluru,Fosun International,Series C,"12,000,000"
325,01/09/2018,Netmeds,Consumer Internet,Online Pharmacy Chain,Chennai,"Sistema Asia Fund, Sistema JSFC and Tanncam Investment",Private Equity,"35,000,000"
326,03/09/2018,Udaan,B2B Platform,Logistics and Shipping,Bengaluru,DST Global and Lightspeed Venture Partners’ global fund.,Private Equity,"225,000,000"
327,03/09/2018,Daily hunt,Consumer Internet,News and ebooks Mobile App ,Bengaluru,Falcon Edge,Private Equity,"63,90,000"
328,04/09/2018,3HCare,Healthcare,Healthcare Service Provider,Delhi,N/A,Seed / Angel Funding,"1,000,000"
329,04/09/2018,HappyGoEasy,Consumer Internet,Online Travel Agecy,Gurugram,"Korea Investment Partners (KIP), Samsung and China-based CITIC Capital and others",Private Equity,N/A
330,05/09/2018,Nykaa,Consumer Internet,Online Marketplace For Multi-brand Beauty Cosmetic and Wellness Products,Mumbai,Lighthouse,Private Equity,"15,72,00,000"
331,05/09/2018,Mad Street Den,Technology,Computer Vision And Artificial Intelligence (Ai) Platform,Chennai,KDDI ,Private Equity,N/A
332,06/09/2018,Dream11,Consumer Internet,Online Gaming Platform,Mumbai,"Tencent, Kalaari Capital and Private equity firm Multiples Alternate Asset Management",Private Equity,"100,000,000"
333,10/09/2018,MamaEarth,Healthcare,Online Marketplace For Mother and Babycare Products,Gurugram,Stellaris Ventures & Others,Private Equity,"4,000,000"
334,11/09/2018,AutoGrid,Technology,AI-Based Energy Optimisation and Control Provider,Bengaluru,"CLP Holdings Group, Innogy, Ørstead, and Tenaska",Private Equity,"32,000,000"
335,01/08/2018,dishq,Food-Tech,Personalisation Technology Firm Focusing On The Food And Beverage Industry,Bengaluru,"Farm To Fork, Arts Alliance, The Syndicate Fund, Sven Hensen, Zeroth and Artesian Venture Partners",Seed/ Angel Funding,"400,000"
336,01/08/2018,HealthFin,Finance,Patient Financing Platform,Pune,"Axilor, Sprout Venture Partners and others",Seed/ Angel Funding,N/A
337,02/08/2018,Samosa Labs,Consumer Internet,Social Media and Chat Entertainment Platform,Hyderabad,Xiaomi and Sequoia Capital India,Private Equity,"7,000,000"
338,03/08/2018,ZiffyHomes,Consumer Internet,Online Home Rental Marketplace,Gurugram,Y Combinator,Private Equity,"120,000"
339,07/08/2018,My OmNamo,Consumer Internet,Holy Platform Offering Customised Puja Packages To Individuals and Corporates,Mumbai,N/A,Seed/ Angel Funding,"1,000,000"
340,07/08/2018,ShopX,Consumer Internet,Assisted E-commerce Platform,Bengaluru,Fung Strategic Holdings,Private Equity,"35,000,000"
341,07/08/2018,MakeMyTrip,Consumer Internet,Online Travel Aggregator,Gurugram,MakeMyTrip Limited,Private Equity,"10,000,000"
342,08/08/2018,Hansel io,Consumer Internet,Real-time Mobile App Management,Bengaluru,Vertex Ventures,Seed/ Angel Funding,"40,00,000"
343,08/08/2018,Metro Bikes,Consumer Internet,Online Bike Rental Marketplace,Bengaluru,"Sequoia Capital India Advisors, Accel Partners and G Raghunandan",Private Equity,"12,200,000"
344,08/08/2018,Phone Pe,Consumer Internet,UPI Payments App,Bengaluru,Flipkart,Private Equity,"66,000,000"
345,01/07/2018,Leena AI,Technology,HR Virtual Agent For Employees,Gurugram,Y Combinator,Seed/ Angel Funding,N/A
346,02/07/2018,Biryani By Kilo,Consumer Internet,Online Food Delivery,Gurugram,Ajay Relan and Vinay Mittal,Seed/ Angel Funding,"1,000,000"
347,04/07/2018,Anchanto,IT,E-commerce Fulfilment Platform,Pune,MDI Ventures & Telkom Indonesia,Private Equity,"4,000,000"
348,05/072018,Loan Tap,Consumer Internet,Online Lending Platform For Salaried Professionals,Mumbai,"Shunwei Capital, Tuscan Ventures, Ashish Goenka, VC firms India Quotient and Kae Capital",Private Equity,"62,50,000"
349,06/07/2018,PolicyBazaar,Consumer Internet,Online Insurance Selling Platform,Gurugram,Info Edge (India) Ltd and Temasek,Private Equity,"2,7700,000"
350,09/07/2018,zippserv,Consumer Internet,Online Platform For Risk-Assessment Services For Real Estate Investments,Bengaluru,Info Edge (India) Ltd,Seed/ Angel Funding,"440,000"
351,09/07/2018,Groww,Consumer Internet,Online Platform That Sells Direct Plans Of Mutual Funds,Bengaluru,"Insignia Ventures Partners, Lightbridge Partners & Kairos",Seed/ Angel Funding,"1,100,000"
352,10/07/2018,Avenue Growth,Consumer Internet,Online Platform That Connects Brands With Freelance Sales Professionals,Gurugram,"Avtar Monga, chief operating office at IDFC Bank, Aditya Malik & Others",Seed/ Angel Funding,"437,000"
353,10/07/2018,iNICU,Healthcare,Med-tech Platform Providing Care For Newborns,Delhi,Venture Catalysts,Seed/ Angel Funding,N/A
354,10/07/2018,Kinara Capital,Finance,Lending Platform For Micro and Small Enterprises,Bengaluru,ResponsAbility,Private Equity,"5,000,000"
355,01/10/2018,Northmist,Fashion,Mens Wear,Delhi,Prashant Jaiswal,Seed/ Angel Funding,N/A
356,02/10/2018,Origo Commodities India Pvt. Ltd,Logistics,Supply Chain,Hyderabad,"Cooperative Oikocredit, Caspian and Hivos-Triodos Fund",Seed/ Angel Funding,"11,000,000"
357,04/10/2018,Grover Zampa,Food,Wine,Mumbai,Ravi Viswanathan,Private Equity,"8,200,000"
358,05/10/2018,Droom,Automobile,New and Used Cars Platform,Gurgaon,ZigExN,Series E,"30,00,000"
359,11/10/2018,Innov8,Real Estate,Co-Working,New Delhi,Credence Family Office,Pre-Series A,"4,000,000"
360,12/10/2018,Blackbuck,Logistics Tech,Largest Trucking Platform,Bengaluru,Sequoia Capital India,Private Funding,"14,680,000"
361,12/10/2018,LetsTransport,Logistics Tech,Book Trucks Online,Bengaluru,Fosun International,Series C,"12,000,000"
362,01/09/2018,Netmeds,Consumer Internet,Online Pharmacy Chain,Chennai,"Sistema Asia Fund, Sistema JSFC and Tanncam Investment",Private Equity,"35,000,000"
363,03/09/2018,Udaan,B2B Platform,Logistics and Shipping,Bengaluru,DST Global and Lightspeed Venture Partners’ global fund.,Private Equity,"225,000,000"
364,03/09/2018,Daily hunt,Consumer Internet,News and ebooks Mobile App ,Bengaluru,Falcon Edge,Private Equity,"63,90,000"
365,04/09/2018,3HCare,Healthcare,Healthcare Service Provider,Delhi,N/A,Seed / Angel Funding,"1,000,000"
366,04/09/2018,HappyGoEasy,Consumer Internet,Online Travel Agecy,Gurugram,"Korea Investment Partners (KIP), Samsung and China-based CITIC Capital and others",Private Equity,N/A
367,05/09/2018,Nykaa,Consumer Internet,Online Marketplace For Multi-brand Beauty Cosmetic and Wellness Products,Mumbai,Lighthouse,Private Equity,"15,72,00,000"
368,05/09/2018,Mad Street Den,Technology,Computer Vision And Artificial Intelligence (Ai) Platform,Chennai,KDDI ,Private Equity,N/A
369,06/09/2018,Dream11,Consumer Internet,Online Gaming Platform,Mumbai,"Tencent, Kalaari Capital and Private equity firm Multiples Alternate Asset Management",Private Equity,"100,000,000"
370,10/09/2018,MamaEarth,Healthcare,Online Marketplace For Mother and Babycare Products,Gurugram,Stellaris Ventures & Others,Private Equity,"4,000,000"
371,11/09/2018,AutoGrid,Technology,AI-Based Energy Optimisation and Control Provider,Bengaluru,"CLP Holdings Group, Innogy, Ørstead, and Tenaska",Private Equity,"32,000,000"
372,01/08/2018,dishq,Food-Tech,Personalisation Technology Firm Focusing On The Food And Beverage Industry,Bengaluru,"Farm To Fork, Arts Alliance, The Syndicate Fund, Sven Hensen, Zeroth and Artesian Venture Partners",Seed/ Angel Funding,"400,000"
373,01/08/2018,HealthFin,Finance,Patient Financing Platform,Pune,"Axilor, Sprout Venture Partners and others",Seed/ Angel Funding,N/A
374,02/08/2018,Samosa Labs,Consumer Internet,Social Media and Chat Entertainment Platform,Hyderabad,Xiaomi and Sequoia Capital India,Private Equity,"7,000,000"
375,03/08/2018,ZiffyHomes,Consumer Internet,Online Home Rental Marketplace,Gurugram,Y Combinator,Private Equity,"120,000"
376,07/08/2018,My OmNamo,Consumer Internet,Holy Platform Offering Customised Puja Packages To Individuals and Corporates,Mumbai,N/A,Seed/ Angel Funding,"1,000,000"
377,07/08/2018,ShopX,Consumer Internet,Assisted E-commerce Platform,Bengaluru,Fung Strategic Holdings,Private Equity,"35,000,000"
378,07/08/2018,MakeMyTrip,Consumer Internet,Online Travel Aggregator,Gurugram,MakeMyTrip Limited,Private Equity,"10,000,000"
379,08/08/2018,Hansel io,Consumer Internet,Real-time Mobile App Management,Bengaluru,Vertex Ventures,Seed/ Angel Funding,"40,00,000"
380,08/08/2018,Metro Bikes,Consumer Internet,Online Bike Rental Marketplace,Bengaluru,"Sequoia Capital India Advisors, Accel Partners and G Raghunandan",Private Equity,"12,200,000"
381,08/08/2018,Phone Pe,Consumer Internet,UPI Payments App,Bengaluru,Flipkart,Private Equity,"66,000,000"
382,01/07/2018,Leena AI,Technology,HR Virtual Agent For Employees,Gurugram,Y Combinator,Seed/ Angel Funding,N/A
383,02/07/2018,Biryani By Kilo,Consumer Internet,Online Food Delivery,Gurugram,Ajay Relan and Vinay Mittal,Seed/ Angel Funding,"1,000,000"
384,04/07/2018,Anchanto,IT,E-commerce Fulfilment Platform,Pune,MDI Ventures & Telkom Indonesia,Private Equity,"4,000,000"
385,05/072018,Loan Tap,Consumer Internet,Online Lending Platform For Salaried Professionals,Mumbai,"Shunwei Capital, Tuscan Ventures, Ashish Goenka, VC firms India Quotient and Kae Capital",Private Equity,"62,50,000"
386,06/07/2018,PolicyBazaar,Consumer Internet,Online Insurance Selling Platform,Gurugram,Info Edge (India) Ltd and Temasek,Private Equity,"2,7700,000"
387,09/07/2018,zippserv,Consumer Internet,Online Platform For Risk-Assessment Services For Real Estate Investments,Bengaluru,Info Edge (India) Ltd,Seed/ Angel Funding,"440,000"
388,09/07/2018,Groww,Consumer Internet,Online Platform That Sells Direct Plans Of Mutual Funds,Bengaluru,"Insignia Ventures Partners, Lightbridge Partners & Kairos",Seed/ Angel Funding,"1,100,000"
389,10/07/2018,Avenue Growth,Consumer Internet,Online Platform That Connects Brands With Freelance Sales Professionals,Gurugram,"Avtar Monga, chief operating office at IDFC Bank, Aditya Malik & Others",Seed/ Angel Funding,"437,000"
390,10/07/2018,iNICU,Healthcare,Med-tech Platform Providing Care For Newborns,Delhi,Venture Catalysts,Seed/ Angel Funding,N/A
391,10/07/2018,Kinara Capital,Finance,Lending Platform For Micro and Small Enterprises,Bengaluru,ResponsAbility,Private Equity,"5,000,000"
