,Brand Name,Price,Rating,Expected Delivery Date,URLS
0,"pTron Dynamo Lite 10000mAh Li-Polymer Power Bank, Made in India, 10W 2.1A Fast Charging Power Bank for Smartphones & Dual USB Ports, Type C & Micro USB Input, Safe & Reliable - (Blue)",699,"2,445","Tuesday, July 20",https://www.amazon.in/gp/slredirect/picassoRedirect.html/ref=pa_sp_atf_aps_sr_pg1_1?ie=UTF8&adId=A10220222HL3PG6LB7E55&url=%2FDynamo-Lite-10000mAh-Li-Polymer-Smartphones%2Fdp%2FB097H19G62%2Fref%3Dsr_1_1_sspa%3Fdchild%3D1%26keywords%3Dpower%2Bbank%26qid%3D1626403510%26smid%3DA14CZOWI0VEHLG%26sr%3D8-1-spons%26psc%3D1&qualifier=1626403510&id=1541361166530886&widgetName=sp_atf
1,"pTron Dynamo Pro 10000mAh 18W QC3.0 PD Power Bank, Made in India, Fast Charge, Type-C & Micro USB Input Ports, with 18W Type C Mini Cable for Smartphones & Other Smart Device - (Blue)","1,499","8,049","Tomorrow, July 17",https://www.amazon.in/gp/slredirect/picassoRedirect.html/ref=pa_sp_atf_aps_sr_pg1_1?ie=UTF8&adId=A016939151CAJDKYI4RL&url=%2FDynamo-Pro-10000mAh-Charge-Smartphones%2Fdp%2FB097GZX2KW%2Fref%3Dsr_1_2_sspa%3Fdchild%3D1%26keywords%3Dpower%2Bbank%26qid%3D1626403510%26smid%3DA14CZOWI0VEHLG%26sr%3D8-2-spons%26psc%3D1&qualifier=1626403510&id=1541361166530886&widgetName=sp_atf
2,Mi Power Bank 3i 20000mAh | 18W Fast PD Charging | Input- Type C and Micro USB| Triple Output | Sandstone Black,"1,699","2,445","Monday, July 19",https://www.amazon.in/20000mAh-Sandstone-Triple-Charging-Delivery/dp/B08HV83HL3/ref=sr_1_3?dchild=1&keywords=power+bank&qid=1626403510&sr=8-3
3,Mi 10000mAH Li-Polymer Power Bank 3i with 18W Fast Charging (Midnight Black),599,"1,707","Tomorrow, July 17",https://www.amazon.in/10000mAH-Li-Polymer-Power-Charging-Midnight/dp/B08HVL8QN3/ref=sr_1_4?dchild=1&keywords=power+bank&qid=1626403510&sr=8-4
4,Mi Pocket Power Bank Pro Black 10000mAh | Triple Output and Dual Input Port | 22.5W Ultra Fast Charging | Power Delivery,699,"2,282","Monday, July 19",https://www.amazon.in/Pocket-10000mAh-Triple-Charging-Delivery/dp/B08MC57J31/ref=sr_1_5?dchild=1&keywords=power+bank&qid=1626403510&sr=8-5
5,"ROMOSS 20000mAh Li-Polymer Power Bank, 18W Fast Charge, Type-C Power Delivery, 3 Inputs 3 Outputs, 3.0A High-Speed,LCD Display,Portable Charger for iPhone, iPad, Samsung & More (Sense 6PS+, White)","1,699","2,445","Tomorrow, July 17",https://aax-eu.amazon.in/x/c/Qj4npAJr2nndzTG98834jH8AAAF6rTQY3AMAAAH2AcMR1Yg/https://www.amazon.in/dp/B083FQHJT1?pd_rd_i=B083FQHJT1&pd_rd_w=qmdyQ&pf_rd_p=a75ba368-11d2-4ce4-98f8-b19ed03dc54e&pd_rd_wg=Ywv5i&pf_rd_r=KX1TWABC54K452RTFWSA&pd_rd_r=33fa0f92-1178-4b99-8095-9bd24293cca7
6,Mi Power Bank 3i 20000mAh | 18W Fast PD Charging | Input- Type C and Micro USB| Triple Output | Sandstone Black,899,"2,445","Tomorrow, July 17",https://www.amazon.in/20000mAh-Sandstone-Triple-Charging-Delivery/dp/B08HV83HL3/ref=sxin_12?asc_contentid=amzn1.osa.8c155c90-2c33-4052-9dd8-0dc35d49dd01.A21TJRUUN4KGV.en_IN&asc_contenttype=article&ascsubtag=amzn1.osa.8c155c90-2c33-4052-9dd8-0dc35d49dd01.A21TJRUUN4KGV.en_IN&creativeASIN=B08HV83HL3&cv_ct_cx=power+bank&cv_ct_id=amzn1.osa.8c155c90-2c33-4052-9dd8-0dc35d49dd01.A21TJRUUN4KGV.en_IN&cv_ct_pg=search&cv_ct_we=asin&cv_ct_wn=osp-single-source-earns-comm&dchild=1&keywords=power+bank&linkCode=oas&pd_rd_i=B08HV83HL3&pd_rd_r=33fa0f92-1178-4b99-8095-9bd24293cca7&pd_rd_w=lz3SR&pd_rd_wg=Ywv5i&pf_rd_p=85e157eb-8312-4fce-bfb5-78223bced751&pf_rd_r=KX1TWABC54K452RTFWSA&qid=1626403510&sr=1-1-61f4c597-7a45-4a97-bd75-c52903f8ee93&tag=hznew-21
7,"Redmi 10000 mAh Fast Charging Slim Power Bank (Black, 10W Fast Charging, Dual Ports)","1,099","3,353","Tomorrow, July 17",https://www.amazon.in/Redmi-10000-Charging-Power-Black/dp/B0851WMSDS/ref=sxin_12?asc_contentid=amzn1.osa.8c155c90-2c33-4052-9dd8-0dc35d49dd01.A21TJRUUN4KGV.en_IN&asc_contenttype=article&ascsubtag=amzn1.osa.8c155c90-2c33-4052-9dd8-0dc35d49dd01.A21TJRUUN4KGV.en_IN&creativeASIN=B0851WMSDS&cv_ct_cx=power+bank&cv_ct_id=amzn1.osa.8c155c90-2c33-4052-9dd8-0dc35d49dd01.A21TJRUUN4KGV.en_IN&cv_ct_pg=search&cv_ct_we=asin&cv_ct_wn=osp-single-source-earns-comm&dchild=1&keywords=power+bank&linkCode=oas&pd_rd_i=B0851WMSDS&pd_rd_r=33fa0f92-1178-4b99-8095-9bd24293cca7&pd_rd_w=lz3SR&pd_rd_wg=Ywv5i&pf_rd_p=85e157eb-8312-4fce-bfb5-78223bced751&pf_rd_r=KX1TWABC54K452RTFWSA&qid=1626403510&sr=1-2-61f4c597-7a45-4a97-bd75-c52903f8ee93&tag=hznew-21
8,,"1,960","6,009","Tomorrow, July 17",https://www.amazon.in/OnePlus-10000-Charging-Lithium-Polymer/dp/B08HRZ3MXK/ref=sxin_12?asc_contentid=amzn1.osa.8c155c90-2c33-4052-9dd8-0dc35d49dd01.A21TJRUUN4KGV.en_IN&asc_contenttype=article&ascsubtag=amzn1.osa.8c155c90-2c33-4052-9dd8-0dc35d49dd01.A21TJRUUN4KGV.en_IN&creativeASIN=B08HRZ3MXK&cv_ct_cx=power+bank&cv_ct_id=amzn1.osa.8c155c90-2c33-4052-9dd8-0dc35d49dd01.A21TJRUUN4KGV.en_IN&cv_ct_pg=search&cv_ct_we=asin&cv_ct_wn=osp-single-source-earns-comm&dchild=1&keywords=power+bank&linkCode=oas&pd_rd_i=B08HRZ3MXK&pd_rd_r=33fa0f92-1178-4b99-8095-9bd24293cca7&pd_rd_w=lz3SR&pd_rd_wg=Ywv5i&pf_rd_p=85e157eb-8312-4fce-bfb5-78223bced751&pf_rd_r=KX1TWABC54K452RTFWSA&qid=1626403510&sr=1-3-61f4c597-7a45-4a97-bd75-c52903f8ee93&tag=hznew-21
9,URBN 10000 mAh Li-Polymer Ultra Compact Power Bank with 12W Fast Charge (Camo),"1,699",924,"Tuesday, July 20",https://www.amazon.in/URBN-Li-Polymer-Heroes-Compact-Certification/dp/B07X83RT1K/ref=sr_1_6?dchild=1&keywords=power+bank&qid=1626403510&smid=A14CZOWI0VEHLG&sr=8-6
10,"OnePlus 10000 mAh Power Bank (Fast PD Charging, 18 W) (Green, Lithium Polymer)",799,118,"Tomorrow, July 17",https://www.amazon.in/OnePlus-10000-Charging-Lithium-Polymer/dp/B08HRZY4MZ/ref=sr_1_7?dchild=1&keywords=power+bank&qid=1626403510&sr=8-7
11,"Redmi 20000mAh Li-Polymer Power Bank (Black), USB Type C and Micro USB Ports | 18W Fast Charging | Multi Device Charging","1,099",963,"Tomorrow, July 17",https://www.amazon.in/Redmi-20000mAh-Li-Polymer-Power-Charging/dp/B0851WWXJC/ref=sr_1_8?dchild=1&keywords=power+bank&qid=1626403510&sr=8-8
12,"Redmi 10000 mAh Fast Charging Slim Power Bank (Black, 10W Fast Charging, Dual Ports)",649,"2,445","Tomorrow, July 17",https://www.amazon.in/Redmi-10000-Charging-Power-Black/dp/B0851WMSDS/ref=sr_1_9?dchild=1&keywords=power+bank&qid=1626403510&sr=8-9
13,"Croma 10W Fast Charge 10000mAh Lithium Polymer Power Bank (18 Months Warranty) (CRCA0083, Black)","1,099","8,620","Tuesday, July 20",https://www.amazon.in/10000mAh-Lithium-Polymer-Warranty-CRCA0083/dp/B08RZ6VQ1D/ref=sr_1_10?dchild=1&keywords=power+bank&qid=1626403510&sr=8-10
14,"Ambrane 10000mAh Li-Polymer Powerbank with Fast Charging, Rubberized Finish & Compact Size (PP-11, Black)","1,399",1,"Tomorrow, July 17",https://www.amazon.in/gp/slredirect/picassoRedirect.html/ref=pa_sp_mtf_aps_sr_pg1_1?ie=UTF8&adId=A088089418IUNOKWZE6VF&url=%2FAmbrane-PP-11-10000mAH-Lithium-Polymer%2Fdp%2FB07FBQM42Z%2Fref%3Dsr_1_11_sspa%3Fdchild%3D1%26keywords%3Dpower%2Bbank%26qid%3D1626403510%26smid%3DA14CZOWI0VEHLG%26sr%3D8-11-spons%26psc%3D1&qualifier=1626403510&id=1541361166530886&widgetName=sp_mtf
15,"Ambrane 27000mAh Li-Polymer Powerbank with Type C and USB Ports | Fast Charging for Smartphones, Smart Watches, Neckbands & Other Devices (PP-30 Pro, Black)",799,"15,893","Tuesday, July 20",https://www.amazon.in/gp/slredirect/picassoRedirect.html/ref=pa_sp_mtf_aps_sr_pg1_1?ie=UTF8&adId=A0219689SWM91H6JW8W9&url=%2FAmbrane-Li-Polymer-Smartphones-PP-30-Pro%2Fdp%2FB083DX7PJF%2Fref%3Dsr_1_12_sspa%3Fdchild%3D1%26keywords%3Dpower%2Bbank%26qid%3D1626403510%26smid%3DA14CZOWI0VEHLG%26sr%3D8-12-spons%26psc%3D1&qualifier=1626403510&id=1541361166530886&widgetName=sp_mtf
16,Mi Power Bank 3i 10000mAh (Metallic Blue) Dual Output and Input Port | 18W Fast Charging,599,"1,707","Tomorrow, July 17",https://www.amazon.in/Power-10000mAh-Metallic-Output-Charging/dp/B08HVJCW95/ref=sr_1_13?dchild=1&keywords=power+bank&qid=1626403510&sr=8-13
17,"OnePlus 10000 mAh Power Bank (Fast PD Charging, 18 W) (Black, Lithium Polymer)",599,"8,166","Tomorrow, July 17",https://www.amazon.in/OnePlus-10000-Charging-Lithium-Polymer/dp/B08HRZ3MXK/ref=sr_1_14?dchild=1&keywords=power+bank&qid=1626403510&sr=8-14
18,Syska 10000 mAh Li-Polymer P1015B Power Core100 Power Bank (Black),"1,699",963,"Monday, July 19",https://www.amazon.in/Syska-P1015B-BK-10000mAH-Lithium-Polymer/dp/B07PLG5S5T/ref=sr_1_15?dchild=1&keywords=power+bank&qid=1626403510&sr=8-15
19,URBN 10000 mAh Li-Polymer Ultra Compact Power Bank with 12W Fast Charge (Blue),899,113,"Tomorrow, July 17",https://www.amazon.in/URBN-Li-Polymer-Charge-Compact-Certification/dp/B07X963JNS/ref=sr_1_16?dchild=1&keywords=power+bank&qid=1626403510&smid=A14CZOWI0VEHLG&sr=8-16
20,"pTron Dynamo Lite 10000mAh Li-Polymer Power Bank, Made in India, 10W 2.1A Fast Charging Power Bank for Smartphones & Dual USB Ports, Type C & Micro USB Input, Safe & Reliable - (Blue)","1,099","8,620","Saturday, July 24",https://www.amazon.in/Dynamo-Lite-10000mAh-Li-Polymer-Smartphones/dp/B097H19G62/ref=sr_1_17?dchild=1&keywords=power+bank&qid=1626403510&smid=A14CZOWI0VEHLG&sr=8-17
21,Zinq 10000mAh Li-Polymer Power Bank with 12W Fast Charge Type C & Micro USB Input ZQ10KPC (Black),749,924,"Tuesday, July 20",https://www.amazon.in/Zinq-10000mAh-Li-Polymer-Charge-ZQ10KPC/dp/B08HXHH8R6/ref=sr_1_18?dchild=1&keywords=power+bank&qid=1626403510&smid=A14CZOWI0VEHLG&sr=8-18
22,"Gionee 10000mAh Li-Polymer Slim Design Power Bank with Power Indicators and 2 Output Ports (Fast Charging, 12W) PB10K2 (Metallic Blue)",649,"2,445","Tomorrow, July 17",https://www.amazon.in/Gionee-10000mAh-Li-Polymer-Indicators-PB10K2/dp/B086DSZ1S6/ref=sr_1_19?dchild=1&keywords=power+bank&qid=1626403510&sr=8-19
23,"FLiX (Beetel) Marathon M1 Slim 10,000 mAh Lithium Polymer Power Bank with 2 USB Output & LED Indicator,Type C Input & Micro USB Input Port,Made in India,Premium Build Quality (Black)(XPB-102S)",599,"8,049","Monday, July 19",https://www.amazon.in/FLiX-Marathon-M1-Slim-Indicator/dp/B08TG39BTH/ref=sr_1_20?dchild=1&keywords=power+bank&qid=1626403510&sr=8-20
24,"OnePlus 10000 mAh Power Bank (Fast PD Charging, 18 W) (Green, Lithium Polymer)",499,"2,445","Tomorrow, July 17",https://www.amazon.in/gp/slredirect/picassoRedirect.html/ref=pa_sp_btf_aps_sr_pg1_1?ie=UTF8&adId=A0637733256C86OS6NJQ&url=%2FOnePlus-10000-Charging-Lithium-Polymer%2Fdp%2FB08HRZY4MZ%2Fref%3Dsr_1_21_sspa%3Fdchild%3D1%26keywords%3Dpower%2Bbank%26qid%3D1626403510%26sr%3D8-21-spons%26psc%3D1&qualifier=1626403510&id=1541361166530886&widgetName=sp_btf
25,"FLiX (Beetel) Marathon M1 Pocket 10,000 mAh Lithium Polymer Power Bank with 2 USB Output & LED Indicator, Type C Input & Micro USB Input Port, Made in India, Compact Design (Black)(XPB-102P)",599,"1,707","Monday, July 19",https://www.amazon.in/gp/slredirect/picassoRedirect.html/ref=pa_sp_btf_aps_sr_pg1_1?ie=UTF8&adId=A05213412B33AVCZCL3GV&url=%2FFLiX-Marathon-Lithium-Indicator-XPB-102P%2Fdp%2FB08TFSGKN7%2Fref%3Dsr_1_22_sspa%3Fdchild%3D1%26keywords%3Dpower%2Bbank%26qid%3D1626403510%26sr%3D8-22-spons%26psc%3D1&qualifier=1626403510&id=1541361166530886&widgetName=sp_btf
26,"pTron Dynamo Lite 10000mAh Li-Polymer Power Bank, Made in India, 10W 2.1A Fast Charging Power Bank for Smartphones & Dual USB Ports, Type C & Micro USB Input, Safe & Reliable - (Blue)",449,"2,282","Tomorrow, July 17",https://www.amazon.in/Ambrane-Charger-Qualcomm-Certified-AQC-56/dp/B092QZ4CJK/ref=pd_rhf_se_s_pd_crcd_1/262-4045377-4784454?pd_rd_w=SRjJw&pf_rd_p=a62021ef-ed94-4c60-92cc-5878fb8afd3c&pf_rd_r=0E68ADCR77KAF33F9YR0&pd_rd_r=391a3158-26a5-4ae1-8db2-19ccbf93ad73&pd_rd_wg=yw5wx&pd_rd_i=B092QZ4CJK&psc=1
27,"pTron Dynamo Pro 10000mAh 18W QC3.0 PD Power Bank, Made in India, Fast Charge, Type-C & Micro USB Input Ports, with 18W Type C Mini Cable for Smartphones & Other Smart Device - (Blue)","1,099","2,445","Tomorrow, July 17",https://www.amazon.in/Ambrane-20000mAh-Li-Polymer-Powerbank-Neos/dp/B08CZSTZHB/ref=pd_rhf_se_s_pd_crcd_2/262-4045377-4784454?pd_rd_w=SRjJw&pf_rd_p=a62021ef-ed94-4c60-92cc-5878fb8afd3c&pf_rd_r=0E68ADCR77KAF33F9YR0&pd_rd_r=391a3158-26a5-4ae1-8db2-19ccbf93ad73&pd_rd_wg=yw5wx&pd_rd_i=B08CZSTZHB&psc=1
28,Mi Power Bank 3i 20000mAh | 18W Fast PD Charging | Input- Type C and Micro USB| Triple Output | Sandstone Black,449,"2,445","Tomorrow, July 17",https://www.amazon.in/Renewed-OnePlus-Buds-Gray/dp/B08V9FJLPR/ref=pd_rhf_se_s_pd_crcd_3/262-4045377-4784454?pd_rd_w=SRjJw&pf_rd_p=a62021ef-ed94-4c60-92cc-5878fb8afd3c&pf_rd_r=0E68ADCR77KAF33F9YR0&pd_rd_r=391a3158-26a5-4ae1-8db2-19ccbf93ad73&pd_rd_wg=yw5wx&pd_rd_i=B08V9FJLPR&psc=1
29,Mi 10000mAH Li-Polymer Power Bank 3i with 18W Fast Charging (Midnight Black),379.,"3,353","Tomorrow, July 17",https://www.amazon.in/Vandelay%C2%AE-Face-Activated-Carbon-Blown/dp/B08LDM3NCY/ref=pd_rhf_se_s_pd_crcd_4/262-4045377-4784454?pd_rd_w=SRjJw&pf_rd_p=a62021ef-ed94-4c60-92cc-5878fb8afd3c&pf_rd_r=0E68ADCR77KAF33F9YR0&pd_rd_r=391a3158-26a5-4ae1-8db2-19ccbf93ad73&pd_rd_wg=yw5wx&pd_rd_i=B08LDM3NCY&psc=1
30,Mi Pocket Power Bank Pro Black 10000mAh | Triple Output and Dual Input Port | 22.5W Ultra Fast Charging | Power Delivery,"1,299.","6,009","Tuesday, July 20",https://www.amazon.in/Original-Superfast-Charging-Adapter-2021/dp/B08JLNDCX5/ref=pd_rhf_se_s_pd_crcd_5/262-4045377-4784454?pd_rd_w=SRjJw&pf_rd_p=a62021ef-ed94-4c60-92cc-5878fb8afd3c&pf_rd_r=0E68ADCR77KAF33F9YR0&pd_rd_r=391a3158-26a5-4ae1-8db2-19ccbf93ad73&pd_rd_wg=yw5wx&pd_rd_i=B08JLNDCX5&psc=1
31,"ROMOSS 20000mAh Li-Polymer Power Bank, 18W Fast Charge, Type-C Power Delivery, 3 Inputs 3 Outputs, 3.0A High-Speed,LCD Display,Portable Charger for iPhone, iPad, Samsung & More (Sense 6PS+, White)","2,099.",924,"Tomorrow, July 17",https://www.amazon.in/Ambrane-Charger-Qualcomm-Certified-ACC29QCM/dp/B082251822/ref=pd_rhf_se_s_pd_crcd_6/262-4045377-4784454?pd_rd_w=SRjJw&pf_rd_p=a62021ef-ed94-4c60-92cc-5878fb8afd3c&pf_rd_r=0E68ADCR77KAF33F9YR0&pd_rd_r=391a3158-26a5-4ae1-8db2-19ccbf93ad73&pd_rd_wg=yw5wx&pd_rd_i=B082251822&psc=1
32,Mi Power Bank 3i 20000mAh | 18W Fast PD Charging | Input- Type C and Micro USB| Triple Output | Sandstone Black,549.,118,"Tomorrow, July 17",https://www.amazon.in/gp/slredirect/picassoRedirect.html/ref=pa_sp_atf_aps_sr_pg1_1?ie=UTF8&adId=A10220222HL3PG6LB7E55&url=%2FDynamo-Lite-10000mAh-Li-Polymer-Smartphones%2Fdp%2FB097H19G62%2Fref%3Dsr_1_1_sspa%3Fdchild%3D1%26keywords%3Dpower%2Bbank%26qid%3D1626403510%26smid%3DA14CZOWI0VEHLG%26sr%3D8-1-spons%26psc%3D1&qualifier=1626403510&id=1541361166530886&widgetName=sp_atf
33,"Redmi 10000 mAh Fast Charging Slim Power Bank (Black, 10W Fast Charging, Dual Ports)",449.,963,"Tomorrow, July 17",https://www.amazon.in/gp/slredirect/picassoRedirect.html/ref=pa_sp_atf_aps_sr_pg1_1?ie=UTF8&adId=A016939151CAJDKYI4RL&url=%2FDynamo-Pro-10000mAh-Charge-Smartphones%2Fdp%2FB097GZX2KW%2Fref%3Dsr_1_2_sspa%3Fdchild%3D1%26keywords%3Dpower%2Bbank%26qid%3D1626403510%26smid%3DA14CZOWI0VEHLG%26sr%3D8-2-spons%26psc%3D1&qualifier=1626403510&id=1541361166530886&widgetName=sp_atf
34,,399.,"2,445","Tuesday, July 20",https://www.amazon.in/20000mAh-Sandstone-Triple-Charging-Delivery/dp/B08HV83HL3/ref=sr_1_3?dchild=1&keywords=power+bank&qid=1626403510&sr=8-3
35,URBN 10000 mAh Li-Polymer Ultra Compact Power Bank with 12W Fast Charge (Camo),699,"8,620","Tomorrow, July 17",https://www.amazon.in/10000mAH-Li-Polymer-Power-Charging-Midnight/dp/B08HVL8QN3/ref=sr_1_4?dchild=1&keywords=power+bank&qid=1626403510&sr=8-4
36,"OnePlus 10000 mAh Power Bank (Fast PD Charging, 18 W) (Green, Lithium Polymer)","1,499",1,"Tuesday, July 20",https://www.amazon.in/Pocket-10000mAh-Triple-Charging-Delivery/dp/B08MC57J31/ref=sr_1_5?dchild=1&keywords=power+bank&qid=1626403510&sr=8-5
37,"Redmi 20000mAh Li-Polymer Power Bank (Black), USB Type C and Micro USB Ports | 18W Fast Charging | Multi Device Charging","1,699","15,893","Tomorrow, July 17",https://aax-eu.amazon.in/x/c/Qj4npAJr2nndzTG98834jH8AAAF6rTQY3AMAAAH2AcMR1Yg/https://www.amazon.in/dp/B083FQHJT1?pd_rd_i=B083FQHJT1&pd_rd_w=qmdyQ&pf_rd_p=a75ba368-11d2-4ce4-98f8-b19ed03dc54e&pd_rd_wg=Ywv5i&pf_rd_r=KX1TWABC54K452RTFWSA&pd_rd_r=33fa0f92-1178-4b99-8095-9bd24293cca7
38,"Redmi 10000 mAh Fast Charging Slim Power Bank (Black, 10W Fast Charging, Dual Ports)",599,"1,707","Tomorrow, July 17",https://www.amazon.in/20000mAh-Sandstone-Triple-Charging-Delivery/dp/B08HV83HL3/ref=sxin_12?asc_contentid=amzn1.osa.8c155c90-2c33-4052-9dd8-0dc35d49dd01.A21TJRUUN4KGV.en_IN&asc_contenttype=article&ascsubtag=amzn1.osa.8c155c90-2c33-4052-9dd8-0dc35d49dd01.A21TJRUUN4KGV.en_IN&creativeASIN=B08HV83HL3&cv_ct_cx=power+bank&cv_ct_id=amzn1.osa.8c155c90-2c33-4052-9dd8-0dc35d49dd01.A21TJRUUN4KGV.en_IN&cv_ct_pg=search&cv_ct_we=asin&cv_ct_wn=osp-single-source-earns-comm&dchild=1&keywords=power+bank&linkCode=oas&pd_rd_i=B08HV83HL3&pd_rd_r=33fa0f92-1178-4b99-8095-9bd24293cca7&pd_rd_w=lz3SR&pd_rd_wg=Ywv5i&pf_rd_p=85e157eb-8312-4fce-bfb5-78223bced751&pf_rd_r=KX1TWABC54K452RTFWSA&qid=1626403510&sr=1-1-61f4c597-7a45-4a97-bd75-c52903f8ee93&tag=hznew-21
39,"Croma 10W Fast Charge 10000mAh Lithium Polymer Power Bank (18 Months Warranty) (CRCA0083, Black)",699,"8,166","Monday, July 19",https://www.amazon.in/Redmi-10000-Charging-Power-Black/dp/B0851WMSDS/ref=sxin_12?asc_contentid=amzn1.osa.8c155c90-2c33-4052-9dd8-0dc35d49dd01.A21TJRUUN4KGV.en_IN&asc_contenttype=article&ascsubtag=amzn1.osa.8c155c90-2c33-4052-9dd8-0dc35d49dd01.A21TJRUUN4KGV.en_IN&creativeASIN=B0851WMSDS&cv_ct_cx=power+bank&cv_ct_id=amzn1.osa.8c155c90-2c33-4052-9dd8-0dc35d49dd01.A21TJRUUN4KGV.en_IN&cv_ct_pg=search&cv_ct_we=asin&cv_ct_wn=osp-single-source-earns-comm&dchild=1&keywords=power+bank&linkCode=oas&pd_rd_i=B0851WMSDS&pd_rd_r=33fa0f92-1178-4b99-8095-9bd24293cca7&pd_rd_w=lz3SR&pd_rd_wg=Ywv5i&pf_rd_p=85e157eb-8312-4fce-bfb5-78223bced751&pf_rd_r=KX1TWABC54K452RTFWSA&qid=1626403510&sr=1-2-61f4c597-7a45-4a97-bd75-c52903f8ee93&tag=hznew-21
40,"Ambrane 10000mAh Li-Polymer Powerbank with Fast Charging, Rubberized Finish & Compact Size (PP-11, Black)","1,699",963,"Tomorrow, July 17",https://www.amazon.in/OnePlus-10000-Charging-Lithium-Polymer/dp/B08HRZ3MXK/ref=sxin_12?asc_contentid=amzn1.osa.8c155c90-2c33-4052-9dd8-0dc35d49dd01.A21TJRUUN4KGV.en_IN&asc_contenttype=article&ascsubtag=amzn1.osa.8c155c90-2c33-4052-9dd8-0dc35d49dd01.A21TJRUUN4KGV.en_IN&creativeASIN=B08HRZ3MXK&cv_ct_cx=power+bank&cv_ct_id=amzn1.osa.8c155c90-2c33-4052-9dd8-0dc35d49dd01.A21TJRUUN4KGV.en_IN&cv_ct_pg=search&cv_ct_we=asin&cv_ct_wn=osp-single-source-earns-comm&dchild=1&keywords=power+bank&linkCode=oas&pd_rd_i=B08HRZ3MXK&pd_rd_r=33fa0f92-1178-4b99-8095-9bd24293cca7&pd_rd_w=lz3SR&pd_rd_wg=Ywv5i&pf_rd_p=85e157eb-8312-4fce-bfb5-78223bced751&pf_rd_r=KX1TWABC54K452RTFWSA&qid=1626403510&sr=1-3-61f4c597-7a45-4a97-bd75-c52903f8ee93&tag=hznew-21
41,"Ambrane 27000mAh Li-Polymer Powerbank with Type C and USB Ports | Fast Charging for Smartphones, Smart Watches, Neckbands & Other Devices (PP-30 Pro, Black)",899,113,"Saturday, July 24",https://www.amazon.in/URBN-Li-Polymer-Heroes-Compact-Certification/dp/B07X83RT1K/ref=sr_1_6?dchild=1&keywords=power+bank&qid=1626403510&smid=A14CZOWI0VEHLG&sr=8-6
42,Mi Power Bank 3i 10000mAh (Metallic Blue) Dual Output and Input Port | 18W Fast Charging,"1,099","8,620","Tuesday, July 20",https://www.amazon.in/OnePlus-10000-Charging-Lithium-Polymer/dp/B08HRZY4MZ/ref=sr_1_7?dchild=1&keywords=power+bank&qid=1626403510&sr=8-7
43,"OnePlus 10000 mAh Power Bank (Fast PD Charging, 18 W) (Black, Lithium Polymer)","1,960",924,"Tomorrow, July 17",https://www.amazon.in/Redmi-20000mAh-Li-Polymer-Power-Charging/dp/B0851WWXJC/ref=sr_1_8?dchild=1&keywords=power+bank&qid=1626403510&sr=8-8
44,Syska 10000 mAh Li-Polymer P1015B Power Core100 Power Bank (Black),"1,699","2,445","Monday, July 19",https://www.amazon.in/Redmi-10000-Charging-Power-Black/dp/B0851WMSDS/ref=sr_1_9?dchild=1&keywords=power+bank&qid=1626403510&sr=8-9
45,URBN 10000 mAh Li-Polymer Ultra Compact Power Bank with 12W Fast Charge (Blue),799,"8,049","Tomorrow, July 17",https://www.amazon.in/10000mAh-Lithium-Polymer-Warranty-CRCA0083/dp/B08RZ6VQ1D/ref=sr_1_10?dchild=1&keywords=power+bank&qid=1626403510&sr=8-10
46,"pTron Dynamo Lite 10000mAh Li-Polymer Power Bank, Made in India, 10W 2.1A Fast Charging Power Bank for Smartphones & Dual USB Ports, Type C & Micro USB Input, Safe & Reliable - (Blue)","1,099","2,445","Monday, July 19",https://www.amazon.in/gp/slredirect/picassoRedirect.html/ref=pa_sp_mtf_aps_sr_pg1_1?ie=UTF8&adId=A088089418IUNOKWZE6VF&url=%2FAmbrane-PP-11-10000mAH-Lithium-Polymer%2Fdp%2FB07FBQM42Z%2Fref%3Dsr_1_11_sspa%3Fdchild%3D1%26keywords%3Dpower%2Bbank%26qid%3D1626403510%26smid%3DA14CZOWI0VEHLG%26sr%3D8-11-spons%26psc%3D1&qualifier=1626403510&id=1541361166530886&widgetName=sp_mtf
47,Zinq 10000mAh Li-Polymer Power Bank with 12W Fast Charge Type C & Micro USB Input ZQ10KPC (Black),649,"1,707","Tomorrow, July 17",https://www.amazon.in/gp/slredirect/picassoRedirect.html/ref=pa_sp_mtf_aps_sr_pg1_1?ie=UTF8&adId=A0219689SWM91H6JW8W9&url=%2FAmbrane-Li-Polymer-Smartphones-PP-30-Pro%2Fdp%2FB083DX7PJF%2Fref%3Dsr_1_12_sspa%3Fdchild%3D1%26keywords%3Dpower%2Bbank%26qid%3D1626403510%26smid%3DA14CZOWI0VEHLG%26sr%3D8-12-spons%26psc%3D1&qualifier=1626403510&id=1541361166530886&widgetName=sp_mtf
48,"Gionee 10000mAh Li-Polymer Slim Design Power Bank with Power Indicators and 2 Output Ports (Fast Charging, 12W) PB10K2 (Metallic Blue)","1,099","2,282","Tomorrow, July 17",https://www.amazon.in/Power-10000mAh-Metallic-Output-Charging/dp/B08HVJCW95/ref=sr_1_13?dchild=1&keywords=power+bank&qid=1626403510&sr=8-13
49,"FLiX (Beetel) Marathon M1 Slim 10,000 mAh Lithium Polymer Power Bank with 2 USB Output & LED Indicator,Type C Input & Micro USB Input Port,Made in India,Premium Build Quality (Black)(XPB-102S)","1,399","2,445","Tomorrow, July 17",https://www.amazon.in/OnePlus-10000-Charging-Lithium-Polymer/dp/B08HRZ3MXK/ref=sr_1_14?dchild=1&keywords=power+bank&qid=1626403510&sr=8-14
50,"OnePlus 10000 mAh Power Bank (Fast PD Charging, 18 W) (Green, Lithium Polymer)",799,"2,445","Tomorrow, July 17",https://www.amazon.in/Syska-P1015B-BK-10000mAH-Lithium-Polymer/dp/B07PLG5S5T/ref=sr_1_15?dchild=1&keywords=power+bank&qid=1626403510&sr=8-15
51,"FLiX (Beetel) Marathon M1 Pocket 10,000 mAh Lithium Polymer Power Bank with 2 USB Output & LED Indicator, Type C Input & Micro USB Input Port, Made in India, Compact Design (Black)(XPB-102P)",599,"3,353","Tuesday, July 20",https://www.amazon.in/URBN-Li-Polymer-Charge-Compact-Certification/dp/B07X963JNS/ref=sr_1_16?dchild=1&keywords=power+bank&qid=1626403510&smid=A14CZOWI0VEHLG&sr=8-16
52,"pTron Dynamo Lite 10000mAh Li-Polymer Power Bank, Made in India, 10W 2.1A Fast Charging Power Bank for Smartphones & Dual USB Ports, Type C & Micro USB Input, Safe & Reliable - (Blue)",599,"6,009","Tomorrow, July 17",https://www.amazon.in/Dynamo-Lite-10000mAh-Li-Polymer-Smartphones/dp/B097H19G62/ref=sr_1_17?dchild=1&keywords=power+bank&qid=1626403510&smid=A14CZOWI0VEHLG&sr=8-17
53,"pTron Dynamo Pro 10000mAh 18W QC3.0 PD Power Bank, Made in India, Fast Charge, Type-C & Micro USB Input Ports, with 18W Type C Mini Cable for Smartphones & Other Smart Device - (Blue)","1,699",924,"Tomorrow, July 17",https://www.amazon.in/Zinq-10000mAh-Li-Polymer-Charge-ZQ10KPC/dp/B08HXHH8R6/ref=sr_1_18?dchild=1&keywords=power+bank&qid=1626403510&smid=A14CZOWI0VEHLG&sr=8-18
54,Mi Power Bank 3i 20000mAh | 18W Fast PD Charging | Input- Type C and Micro USB| Triple Output | Sandstone Black,899,118,"Tomorrow, July 17",https://www.amazon.in/Gionee-10000mAh-Li-Polymer-Indicators-PB10K2/dp/B086DSZ1S6/ref=sr_1_19?dchild=1&keywords=power+bank&qid=1626403510&sr=8-19
55,Mi 10000mAH Li-Polymer Power Bank 3i with 18W Fast Charging (Midnight Black),"1,099",963,"Tuesday, July 20",https://www.amazon.in/FLiX-Marathon-M1-Slim-Indicator/dp/B08TG39BTH/ref=sr_1_20?dchild=1&keywords=power+bank&qid=1626403510&sr=8-20
56,Mi Pocket Power Bank Pro Black 10000mAh | Triple Output and Dual Input Port | 22.5W Ultra Fast Charging | Power Delivery,749,"2,445","Tomorrow, July 17",https://www.amazon.in/gp/slredirect/picassoRedirect.html/ref=pa_sp_btf_aps_sr_pg1_1?ie=UTF8&adId=A0637733256C86OS6NJQ&url=%2FOnePlus-10000-Charging-Lithium-Polymer%2Fdp%2FB08HRZY4MZ%2Fref%3Dsr_1_21_sspa%3Fdchild%3D1%26keywords%3Dpower%2Bbank%26qid%3D1626403510%26sr%3D8-21-spons%26psc%3D1&qualifier=1626403510&id=1541361166530886&widgetName=sp_btf
57,"ROMOSS 20000mAh Li-Polymer Power Bank, 18W Fast Charge, Type-C Power Delivery, 3 Inputs 3 Outputs, 3.0A High-Speed,LCD Display,Portable Charger for iPhone, iPad, Samsung & More (Sense 6PS+, White)",649,"8,620","Tuesday, July 20",https://www.amazon.in/gp/slredirect/picassoRedirect.html/ref=pa_sp_btf_aps_sr_pg1_1?ie=UTF8&adId=A05213412B33AVCZCL3GV&url=%2FFLiX-Marathon-Lithium-Indicator-XPB-102P%2Fdp%2FB08TFSGKN7%2Fref%3Dsr_1_22_sspa%3Fdchild%3D1%26keywords%3Dpower%2Bbank%26qid%3D1626403510%26sr%3D8-22-spons%26psc%3D1&qualifier=1626403510&id=1541361166530886&widgetName=sp_btf
58,Mi Power Bank 3i 20000mAh | 18W Fast PD Charging | Input- Type C and Micro USB| Triple Output | Sandstone Black,599,1,"Tomorrow, July 17",https://www.amazon.in/Ambrane-Charger-Qualcomm-Certified-AQC-56/dp/B092QZ4CJK/ref=pd_rhf_se_s_pd_crcd_1/262-4045377-4784454?pd_rd_w=SRjJw&pf_rd_p=a62021ef-ed94-4c60-92cc-5878fb8afd3c&pf_rd_r=0E68ADCR77KAF33F9YR0&pd_rd_r=391a3158-26a5-4ae1-8db2-19ccbf93ad73&pd_rd_wg=yw5wx&pd_rd_i=B092QZ4CJK&psc=1
59,"Redmi 10000 mAh Fast Charging Slim Power Bank (Black, 10W Fast Charging, Dual Ports)",499,"15,893","Tomorrow, July 17",https://www.amazon.in/Ambrane-20000mAh-Li-Polymer-Powerbank-Neos/dp/B08CZSTZHB/ref=pd_rhf_se_s_pd_crcd_2/262-4045377-4784454?pd_rd_w=SRjJw&pf_rd_p=a62021ef-ed94-4c60-92cc-5878fb8afd3c&pf_rd_r=0E68ADCR77KAF33F9YR0&pd_rd_r=391a3158-26a5-4ae1-8db2-19ccbf93ad73&pd_rd_wg=yw5wx&pd_rd_i=B08CZSTZHB&psc=1
60,,599,"1,707","Monday, July 19",https://www.amazon.in/Renewed-OnePlus-Buds-Gray/dp/B08V9FJLPR/ref=pd_rhf_se_s_pd_crcd_3/262-4045377-4784454?pd_rd_w=SRjJw&pf_rd_p=a62021ef-ed94-4c60-92cc-5878fb8afd3c&pf_rd_r=0E68ADCR77KAF33F9YR0&pd_rd_r=391a3158-26a5-4ae1-8db2-19ccbf93ad73&pd_rd_wg=yw5wx&pd_rd_i=B08V9FJLPR&psc=1
61,URBN 10000 mAh Li-Polymer Ultra Compact Power Bank with 12W Fast Charge (Camo),449,"8,166","Tomorrow, July 17",https://www.amazon.in/Vandelay%C2%AE-Face-Activated-Carbon-Blown/dp/B08LDM3NCY/ref=pd_rhf_se_s_pd_crcd_4/262-4045377-4784454?pd_rd_w=SRjJw&pf_rd_p=a62021ef-ed94-4c60-92cc-5878fb8afd3c&pf_rd_r=0E68ADCR77KAF33F9YR0&pd_rd_r=391a3158-26a5-4ae1-8db2-19ccbf93ad73&pd_rd_wg=yw5wx&pd_rd_i=B08LDM3NCY&psc=1
62,"OnePlus 10000 mAh Power Bank (Fast PD Charging, 18 W) (Green, Lithium Polymer)","1,099",963,"Saturday, July 24",https://www.amazon.in/Original-Superfast-Charging-Adapter-2021/dp/B08JLNDCX5/ref=pd_rhf_se_s_pd_crcd_5/262-4045377-4784454?pd_rd_w=SRjJw&pf_rd_p=a62021ef-ed94-4c60-92cc-5878fb8afd3c&pf_rd_r=0E68ADCR77KAF33F9YR0&pd_rd_r=391a3158-26a5-4ae1-8db2-19ccbf93ad73&pd_rd_wg=yw5wx&pd_rd_i=B08JLNDCX5&psc=1
