,Comment,Time,Up Vote
0,,1 day ago,
1,Thank u sir for good suggestion 🙏,1 hour ago,5
2,,2 hours ago,
3,Wow you are an real friend of all patients and second god,10 hours ago,
4,,6 days ago,
5,Thanks doctor for your best advice on vaccine,4 days ago,
6,,3 days ago,
7,But how to find out who has allergic reaction from covishield ! This is the question .after vaccination damage has been done sir..🤣🤣,1 day ago,
8,,4 days ago,
9,"After taken covaxin, people can travel any where??? and people will safe from corona in traveling after completing 2 dose?",5 days ago,10
10,,3 days ago,
11,മലയാളം പറഞ്ഞാൽ വളരെ നന്നായിരുന്നു,3 days ago,6
12,,4 days ago,
13,Your cownsiling is very nice thanks  god bless you,2 days ago,3
14,,2 days ago,
15,"2 Months later i donate blood (350ml) thereafter last 1 month i have slightly chest pain not severe, it will not disturb, sometimes it comes 
& go, i will take covishield vaccine its okay or check my HB LEVEL or ECG",4 days ago,
16,,4 days ago,
17,Whether vaccine can be taken after 3 months from the date of Covid Positive identified date (or) from the date of Covid cure.,5 days ago,2
18,,4 days ago,
19,Thank you sir for good suggestion,3 days ago,2
20,,2 days ago,
21,"Sir my wife is having some brain issues her doctor has told us Avoid it or if you want to take take it on your own risk, we want to travel abroad what is solution now?",6 days ago,2
22,,3 days ago,
23,Thanks boss 🙏🙏,1 week ago,4
24,,4 days ago,
25,Thanks Doctor,4 days ago,6
26,,4 days ago (edited),
27,Jkk,5 days ago,1
28,,4 days ago (edited),
29,Thank you sir 😘 🌹🌹🌹,4 days ago,
30,,22 hours ago,
31,ഇഗ്ലീഷ് അറിയില്ല,4 days ago,5
32,,3 days ago,
33,Good information tq sir,5 days ago,
34,,3 days ago,
35,Tell us how you can justify looting so much of money from gullible patients.,3 days ago,4
36,,1 week ago,
37,Nice,6 days ago,
38,,3 days ago,
39,"My 2nd dose of covishield is on 17/7, can I take it on 20/7?",1 week ago,3
40,,1 week ago (edited),
41,😒😒😲😲😯😯,1 week ago,
42,,1 day ago,
43,Thank you sir,1 week ago,5
44,,5 days ago,
45,💯🙏🙏,1 week ago,1
46,,6 days ago,
47,How long coviedshield vaccine protect us after taking 2 dose,1 week ago (edited),16
48,,1 week ago,
49,Are blood infection ho to kiya use case mein vaccine lagwana save hai???,4 days ago,
50,,1 week ago,
51,থাঙ্কস ডাক্তার,5 days ago,8
52,,4 days ago,
53,Plz follow Dr BR Choudhury don't take vaccine I lost my relatives and some r I'll after vaccination baaki aapki marzi.  🕉️🕉️🕉️ Vaccination is a biggest business now☂️,5 days ago,3
54,,1 week ago,
55,Jo bhi samjha rahe ho aap kya samajhte ho sabko samajh me aa gaya hoga ? Hindi me samjhate to sabhi log samajh jate . Aapko like bhi jyada milta,6 days ago,4
56,,1 day ago,
57,I am worried about people who senior citizens i want all of them to live till Dilip Kumar's age..Long live to our senior citizens🙏 we lost many of them in 2020 and 2021😭Dr.KK Agarwal we miss you,5 days ago,8
58,,1 week ago,
59,"Ok DOCTOR, u can take off ur MASK",1 week ago,1
60,,1 week ago,
61,Covishield lene ma 100 days per second does mila koi problem hoga,1 week ago,
62,,3 days ago,
63,Is desh me jyada bharatiy hindi bolte aur samjhte to fir English kyo ?,1 week ago,
64,,4 days ago,
65,സാദാരണകാരന്ന് മനസിവാതിരിക്കാൻ വേണ്ടിയാണോ sir ഇംഗിഷിൽ സംസാരിക്കുന്നത്,4 days ago,2
66,,1 week ago,
67,Go 🙏,6 days ago,1
68,,1 week ago,
69,सुपर वीडियो,6 days ago,
70,,4 days ago (edited),
71,Asthama patients vaccine teskovachhaaha,6 days ago,
72,,1 week ago,
73,"Sir Covidshild first vaccine 2days by me sideefect blood clot problem vaccine my heart blood clotting ,hand and foot  redness  swelling please help me.",5 days ago,6
74,,4 days ago,
75,"What is corona Sir? 
I don't know and not see television",1 week ago,1
76,,5 days ago,
77,but  vaccine is not available first solve this issue then comes others .,5 days ago,
78,,4 days ago,
79,Prabhu,5 days ago,2
80,,6 days ago,
81,"if a person is got cat  scratch , and needed to take rabies vaccine, can he/she take this rabies vaccine , before the covid-vaccine-2nd dose?",6 days ago,6
82,,1 hour ago,
83,Pls contact phpne number,4 days ago,1
84,,6 days ago,
85,Odisha Jajapur Bari ratangiri,3 days ago,
86,,1 week ago,
87,Are hindi bolo bhai,6 days ago,3
88,,1 week ago,
89,Please join group,6 days ago,1
90,,4 days ago,
91,"Salute to doctors, nurses , medical staff,defence forces, police, administrators and every indian who is helping India fight the virus.",6 days ago,20
92,,5 days ago,
93,"దయచేసి సమాధానం ఇవ్వండి సార్
నమస్కారం సార్
కోలివుడ్ వచ్చిన తర్వాత ప్రెగ్నెన్సీ వస్తే 
పుట్టబోయో బేబి పై ఎలాంటి ప్రభావం వుంటుంది",1 week ago,2
94,,1 week ago,
95,"Dr, kindly advise if someone has mild synus tachycardia can they take second dose of covid shield vaccine? Please reply, Dr as it may help many.. thanks Dr..",1 week ago,7
96,,6 days ago,
97,Ok sir thank you for your word to take are of us,1 week ago,3
98,,1 week ago,
99,Padmini thakur,1 week ago,
