,Airline,DepartureTime,ArrivalTime,DepLocation,ArrLocation,Stops,Duration,Price
0,Air Asia,18:40,"06:20
+ 1 day",New Delhi,New Delhi,1 Stop,11h 40m,"5,953"
1,Go First,21:30,23:35,Mumbai,Mumbai,1 Stop,2h 05m,"5,954"
2,Go First,22:45,"00:50
+ 1 day",New Delhi,New Delhi,1 Stop,2h 05m,"5,954"
3,Go First,17:45,22:25,Mumbai,Mumbai,1 Stop,4h 40m,"5,954"
4,Vistara,17:45,20:05,New Delhi,New Delhi,1 Stop,2h 20m,"6,375"
5,Go First,21:30,23:35,Mumbai,Mumbai,1 Stop,2h 05m,"6,401"
6,Go First,22:45,"00:50
+ 1 day",New Delhi,New Delhi,1 Stop,2h 05m,"6,401"
7,Air Asia,18:40,"06:20
+ 1 day",Mumbai,Mumbai,1 Stop,11h 40m,"6,479"
8,SpiceJet,18:40,20:40,New Delhi,New Delhi,1 Stop,2h 00m,"6,480"
9,IndiGo,21:55,"00:05
+ 1 day",Mumbai,Mumbai,1 Stop,2h 10m,"6,795"
10,IndiGo,21:55,"00:05
+ 1 day",New Delhi,New Delhi,1 Stop,2h 10m,"6,953"
11,Air Asia,19:55,22:15,Mumbai,Mumbai,1 Stop,2h 20m,"6,979"
12,Air Asia,19:55,22:15,New Delhi,New Delhi,1 Stop,2h 20m,"7,083"
13,IndiGo,17:45,20:10,Mumbai,Mumbai,1 Stop,2h 25m,"7,320"
14,SpiceJet,18:40,20:40,New Delhi,New Delhi,1 Stop,2h 00m,"7,378"
15,IndiGo,17:45,20:10,Mumbai,Mumbai,1 Stop,2h 25m,"7,478"
16,Vistara,16:55,19:05,New Delhi,New Delhi,1 Stop,2h 10m,"7,530"
17,Vistara,18:55,21:15,Mumbai,Mumbai,1 Stop,2h 20m,"8,055"
18,Vistara,19:45,22:00,New Delhi,New Delhi,1 Stop,2h 15m,"8,790"
19,Air India,20:10,"20:00
+ 1 day",Mumbai,Mumbai,1 Stop,23h 50m,"9,000"
20,Go First,21:30,23:35,New Delhi,New Delhi,1 Stop,2h 05m,"9,102"
21,Go First,22:45,"00:50
+ 1 day",Mumbai,Mumbai,1 Stop,2h 05m,"9,102"
22,IndiGo,19:05,21:05,New Delhi,New Delhi,1 Stop,2h 00m,"9,420"
23,IndiGo,20:30,22:35,Mumbai,Mumbai,1 Stop,2h 05m,"9,420"
24,IndiGo,19:05,21:05,New Delhi,New Delhi,1 Stop,2h 00m,"9,578"
25,IndiGo,20:30,22:35,Mumbai,Mumbai,1 Stop,2h 05m,"9,578"
26,Air India,18:30,"13:25
+ 1 day",New Delhi,New Delhi,1 Stop,18h 55m,"10,260"
27,Vistara,21:40,23:50,Mumbai,Mumbai,1 Stop,2h 10m,"10,470"
28,Vistara,20:35,"10:40
+ 1 day",New Delhi,New Delhi,2 Stop(s),14h 05m,"10,575"
29,Vistara,20:35,"15:00
+ 1 day",Mumbai,Mumbai,1 Stop,18h 25m,"10,628"
30,Vistara,17:10,"14:45
+ 1 day",New Delhi,New Delhi,1 Stop,21h 35m,"10,785"
31,Vistara,20:35,"23:00
+ 1 day",Mumbai,Mumbai,1 Stop,26h 25m,"10,995"
32,Vistara,17:45,"10:40
+ 1 day",New Delhi,New Delhi,1 Stop,16h 55m,"11,415"
33,Vistara,17:45,"15:00
+ 1 day",Mumbai,Mumbai,1 Stop,21h 15m,"11,468"
34,Go First,17:45,22:25,New Delhi,New Delhi,1 Stop,4h 40m,"12,061"
35,Vistara,20:40,"08:25
+ 1 day",Mumbai,Mumbai,1 Stop,11h 45m,"12,150"
36,Vistara,20:40,"23:25
+ 1 day",New Delhi,New Delhi,1 Stop,26h 45m,"12,150"
37,Vistara,17:35,"08:25
+ 1 day",Mumbai,Mumbai,1 Stop,14h 50m,"12,255"
38,Vistara,19:50,"08:25
+ 1 day",New Delhi,New Delhi,1 Stop,12h 35m,"12,570"
39,Vistara,19:50,"23:25
+ 1 day",Mumbai,Mumbai,1 Stop,27h 35m,"12,570"
40,Air India,20:40,"08:05
+ 1 day",New Delhi,New Delhi,,11h 25m,"12,990"
41,Vistara,20:40,"21:50
+ 1 day",Mumbai,Mumbai,,25h 10m,"13,043"
42,Vistara,17:35,"21:50
+ 1 day",New Delhi,New Delhi,,28h 15m,"13,148"
43,Vistara,19:50,"21:50
+ 1 day",Mumbai,Mumbai,,26h 00m,"13,463"
44,Air India,18:10,"14:00
+ 1 day",New Delhi,New Delhi,,19h 50m,"13,506"
45,Vistara,17:35,23:25,Mumbai,Mumbai,,5h 50m,"13,673"
46,Air India,20:40,"18:00
+ 1 day",New Delhi,New Delhi,,21h 20m,"13,830"
47,Vistara,17:35,"11:50
+ 1 day",Mumbai,Mumbai,,18h 15m,"14,040"
48,Go First,17:45,22:25,New Delhi,New Delhi,,4h 40m,"14,159"
49,Vistara,20:40,"20:15
+ 1 day",Mumbai,Mumbai,,23h 35m,"15,353"
50,Vistara,17:35,"20:15
+ 1 day",New Delhi,New Delhi,,26h 40m,"15,458"
51,Air India,20:40,"21:05
+ 1 day",Mumbai,Mumbai,,24h 25m,"15,555"
52,Vistara,19:50,"20:15
+ 1 day",New Delhi,New Delhi,,24h 25m,"15,773"
53,Vistara,17:30,23:15,Mumbai,Mumbai,,5h 45m,"16,455"
54,Vistara,20:40,"11:25
+ 1 day",New Delhi,New Delhi,,14h 45m,"17,348"
55,Vistara,17:35,"11:25
+ 1 day",Mumbai,Mumbai,,17h 50m,"17,453"
56,Vistara,17:35,23:05,New Delhi,New Delhi,,5h 30m,"17,505"
57,Vistara,19:50,"11:25
+ 1 day",Mumbai,Mumbai,,15h 35m,"17,768"
58,Vistara,20:30,"12:30
+ 1 day",New Delhi,New Delhi,,16h 00m,"18,345"
59,Vistara,19:55,"11:50
+ 1 day",Mumbai,Mumbai,,15h 55m,"18,660"
60,Air India,21:15,"14:25
+ 1 day",New Delhi,New Delhi,,17h 10m,"19,565"
61,Vistara,19:55,"23:05
+ 1 day",Mumbai,Mumbai,,27h 10m,"20,445"
62,Vistara,20:30,"20:20
+ 1 day",New Delhi,New Delhi,,23h 50m,"21,180"
63,Go First,05:35,,Mumbai,Mumbai,,,
64,Go First,09:50,,New Delhi,New Delhi,,,
65,Go First,12:40,,Mumbai,Mumbai,,,
66,Go First,15:20,,New Delhi,New Delhi,,,
67,Go First,14:20,,Mumbai,Mumbai,,,
68,SpiceJet,14:20,,New Delhi,New Delhi,,,
69,SpiceJet,07:20,,Mumbai,Mumbai,,,
70,IndiGo,14:25,,New Delhi,New Delhi,,,
71,IndiGo,16:45,,Mumbai,Mumbai,,,
72,IndiGo,18:05,,New Delhi,New Delhi,,,
73,Air India,05:30,,Mumbai,Mumbai,,,
74,IndiGo,07:25,,New Delhi,New Delhi,,,
75,Air India,13:25,,Mumbai,Mumbai,,,
76,Air Asia,17:15,,New Delhi,New Delhi,,,
77,Vistara,10:15,,Mumbai,Mumbai,,,
78,Vistara,11:25,,New Delhi,New Delhi,,,
79,IndiGo,09:00,,Mumbai,Mumbai,,,
80,IndiGo,11:15,,New Delhi,New Delhi,,,
81,Air India,19:05,,Mumbai,Mumbai,,,
82,Air Asia,17:15,,New Delhi,New Delhi,,,
83,Go First,05:35,,Mumbai,Mumbai,,,
84,Go First,09:50,,New Delhi,New Delhi,,,
85,Go First,12:40,,Mumbai,Mumbai,,,
86,Go First,15:20,,New Delhi,New Delhi,,,
87,Go First,14:20,,Mumbai,Mumbai,,,
88,IndiGo,14:25,,New Delhi,New Delhi,,,
89,IndiGo,16:45,,Mumbai,Mumbai,,,
90,IndiGo,18:05,,New Delhi,New Delhi,,,
91,IndiGo,07:25,,Mumbai,Mumbai,,,
92,IndiGo,09:00,,New Delhi,New Delhi,,,
93,IndiGo,11:15,,Mumbai,Mumbai,,,
94,SpiceJet,14:20,,New Delhi,New Delhi,,,
95,SpiceJet,07:20,,Mumbai,Mumbai,,,
96,Go First,16:00,,New Delhi,New Delhi,,,
97,Air Asia,12:15,,Mumbai,Mumbai,,,
98,Go First,07:00,,New Delhi,New Delhi,,,
99,Go First,11:50,,Mumbai,Mumbai,,,
100,Go First,07:00,,New Delhi,New Delhi,,,
101,Go First,06:05,,Mumbai,Mumbai,,,
102,Vistara,21:00,,New Delhi,New Delhi,,,
103,Vistara,19:10,,Mumbai,Mumbai,,,
104,Vistara,16:00,,New Delhi,New Delhi,,,
105,Vistara,09:05,,Mumbai,Mumbai,,,
106,Vistara,07:00,,New Delhi,New Delhi,,,
107,Air Asia,20:50,,Mumbai,Mumbai,,,
108,Air Asia,12:15,,New Delhi,New Delhi,,,
109,Air Asia,20:50,,Mumbai,Mumbai,,,
110,Go First,16:00,,New Delhi,New Delhi,,,
111,Go First,11:50,,Mumbai,Mumbai,,,
112,Go First,07:00,,New Delhi,New Delhi,,,
113,Go First,06:05,,Mumbai,Mumbai,,,
114,Vistara,19:15,,New Delhi,New Delhi,,,
115,Vistara,11:25,,Mumbai,Mumbai,,,
116,Vistara,06:55,,New Delhi,New Delhi,,,
117,Go First,05:35,,Mumbai,Mumbai,,,
118,Go First,09:50,,New Delhi,New Delhi,,,
119,Go First,12:40,,Mumbai,Mumbai,,,
120,Go First,15:20,,New Delhi,New Delhi,,,
121,Go First,14:20,,Mumbai,Mumbai,,,
122,Go First,07:00,,New Delhi,New Delhi,,,
123,Go First,16:00,,Mumbai,Mumbai,,,
124,Go First,07:00,,New Delhi,New Delhi,,,
125,Go First,11:50,,Mumbai,Mumbai,,,
126,Go First,07:00,,Mumbai,Mumbai,,,
127,Go First,06:05,,,,,,
128,Air India,21:15,,Mumbai,Mumbai,,,
129,Air India,19:25,,,,,,
130,Air India,05:45,,Mumbai,Mumbai,,,
131,Go First,06:00,,,,,,
132,Go First,22:15,,Mumbai,Mumbai,,,
133,Go First,21:40,,,,,,
134,Go First,20:40,,Mumbai,Mumbai,,,
135,Go First,22:15,,,,,,
136,Go First,19:20,,Mumbai,Mumbai,,,
137,Go First,21:40,,,,,,
138,Go First,20:40,,Mumbai,Mumbai,,,
139,Air India,08:00,,,,,,
140,Air India,07:05,,Mumbai,Mumbai,,,
141,Air India,07:00,,,,,,
142,Vistara,11:55,,Mumbai,Mumbai,,,
143,Vistara,10:25,,,,,,
144,Vistara,08:45,,Mumbai,Mumbai,,,
145,Vistara,22:45,,,,,,
146,Vistara,21:55,,Mumbai,Mumbai,,,
147,Vistara,22:45,,,,,,
148,Vistara,21:55,,Mumbai,Mumbai,,,
149,Vistara,14:40,,,,,,
150,Vistara,20:55,,Mumbai,Mumbai,,,
151,Vistara,18:30,,,,,,
152,Vistara,20:55,,Mumbai,Mumbai,,,
153,Vistara,17:30,,,,,,
154,Vistara,15:45,,Mumbai,Mumbai,,,
155,Vistara,18:30,,,,,,
156,Vistara,17:30,,Mumbai,Mumbai,,,
157,Go First,06:00,,,,,,
158,Go First,22:15,,Mumbai,Mumbai,,,
159,Go First,21:40,,,,,,
160,Go First,20:40,,Mumbai,Mumbai,,,
161,Go First,22:15,,,,,,
162,Go First,19:20,,Mumbai,Mumbai,,,
163,Go First,21:40,,,,,,
164,Go First,20:40,,Mumbai,Mumbai,,,
165,Vistara,12:15,,,,,,
166,Vistara,12:15,,Mumbai,Mumbai,,,
167,Vistara,19:45,,,,,,
168,Vistara,19:45,,Mumbai,Mumbai,,,
169,Vistara,07:30,,,,,,
170,Vistara,07:30,,Mumbai,Mumbai,,,
171,Vistara,09:30,,,,,,
172,Vistara,09:30,,Mumbai,Mumbai,,,
173,Vistara,09:30,,,,,,
174,Vistara,05:30,,Mumbai,Mumbai,,,
175,Vistara,05:30,,,,,,
176,Vistara,05:30,,Mumbai,Mumbai,,,
177,Vistara,05:30,,,,,,
178,Vistara,05:30,,Mumbai,Mumbai,,,
179,Go First,06:00,,,,,,
180,Go First,22:15,,Mumbai,Mumbai,,,
181,Go First,21:40,,,,,,
182,Go First,20:40,,Mumbai,Mumbai,,,
183,Go First,19:20,,,,,,
184,Vistara,09:30,,Mumbai,Mumbai,,,
185,Vistara,09:30,,,,,,
186,Vistara,09:30,,Mumbai,Mumbai,,,
187,Vistara,07:10,,,,,,
188,Vistara,18:30,,Mumbai,Mumbai,,,
189,Vistara,18:30,,,,,,
190,Go First,22:15,,Mumbai,Mumbai,,,
191,Go First,21:40,,,,,,
192,Go First,20:40,,Mumbai,Mumbai,,,
193,Air India,19:00,,,,,,
194,Air India,18:00,,Mumbai,Mumbai,,,
195,Air India,16:00,,,,,,
196,Air India,15:40,,Mumbai,Mumbai,,,
197,Air India,21:15,,,,,,
198,,,,Mumbai,Mumbai,,,
199,,,,,,,,
200,,,,Mumbai,Mumbai,,,
201,,,,,,,,
202,,,,Mumbai,Mumbai,,,
203,,,,,,,,
204,,,,Mumbai,Mumbai,,,
205,,,,,,,,
206,,,,Mumbai,Mumbai,,,
207,,,,,,,,
208,,,,Mumbai,Mumbai,,,
209,,,,,,,,
210,,,,Mumbai,Mumbai,,,
211,,,,,,,,
212,,,,Mumbai,Mumbai,,,
213,,,,,,,,
214,,,,Mumbai,Mumbai,,,
215,,,,,,,,
216,,,,Mumbai,Mumbai,,,
217,,,,,,,,
218,,,,Mumbai,Mumbai,,,
219,,,,,,,,
220,,,,Mumbai,Mumbai,,,
221,,,,,,,,
222,,,,Mumbai,Mumbai,,,
223,,,,,,,,
224,,,,Mumbai,Mumbai,,,
225,,,,,,,,
226,,,,Mumbai,Mumbai,,,
227,,,,,,,,
228,,,,Mumbai,Mumbai,,,
229,,,,,,,,
230,,,,Mumbai,Mumbai,,,
231,,,,,,,,
232,,,,Mumbai,Mumbai,,,
233,,,,,,,,
234,,,,Mumbai,Mumbai,,,
235,,,,,,,,
236,,,,Mumbai,Mumbai,,,
237,,,,,,,,
238,,,,Mumbai,Mumbai,,,
239,,,,,,,,
240,,,,Mumbai,Mumbai,,,
241,,,,,,,,
242,,,,Mumbai,Mumbai,,,
243,,,,,,,,
244,,,,Mumbai,Mumbai,,,
245,,,,,,,,
246,,,,Mumbai,Mumbai,,,
247,,,,,,,,
248,,,,Mumbai,Mumbai,,,
249,,,,,,,,
250,,,,Mumbai,Mumbai,,,
251,,,,,,,,
252,,,,Mumbai,Mumbai,,,
253,,,,,,,,
254,,,,Mumbai,Mumbai,,,
255,,,,,,,,
256,,,,Mumbai,Mumbai,,,
257,,,,,,,,
258,,,,Mumbai,Mumbai,,,
259,,,,,,,,
260,,,,Mumbai,Mumbai,,,
261,,,,,,,,
262,,,,Mumbai,Mumbai,,,
263,,,,,,,,
264,,,,Mumbai,Mumbai,,,
265,,,,,,,,
266,,,,Mumbai,Mumbai,,,
267,,,,,,,,
268,,,,Mumbai,Mumbai,,,
269,,,,,,,,
270,,,,Mumbai,Mumbai,,,
271,,,,,,,,
272,,,,Mumbai,Mumbai,,,
273,,,,,,,,
274,,,,Mumbai,Mumbai,,,
275,,,,,,,,
276,,,,Mumbai,Mumbai,,,
277,,,,,,,,
278,,,,Mumbai,Mumbai,,,
279,,,,,,,,
280,,,,Mumbai,Mumbai,,,
281,,,,,,,,
282,,,,Mumbai,Mumbai,,,
283,,,,,,,,
284,,,,Mumbai,Mumbai,,,
285,,,,,,,,
286,,,,Mumbai,Mumbai,,,
287,,,,,,,,
288,,,,Mumbai,Mumbai,,,
289,,,,,,,,
290,,,,Mumbai,Mumbai,,,
291,,,,,,,,
292,,,,Mumbai,Mumbai,,,
293,,,,,,,,
294,,,,Mumbai,Mumbai,,,
295,,,,,,,,
296,,,,Mumbai,Mumbai,,,
297,,,,,,,,
298,,,,Mumbai,Mumbai,,,
299,,,,,,,,
300,,,,Mumbai,Mumbai,,,
301,,,,,,,,
302,,,,Mumbai,Mumbai,,,
303,,,,,,,,
304,,,,Mumbai,Mumbai,,,
305,,,,,,,,
306,,,,Mumbai,Mumbai,,,
307,,,,,,,,
308,,,,Mumbai,Mumbai,,,
309,,,,,,,,
310,,,,Mumbai,Mumbai,,,
311,,,,,,,,
312,,,,Mumbai,Mumbai,,,
313,,,,,,,,
314,,,,Mumbai,Mumbai,,,
315,,,,,,,,
316,,,,Mumbai,Mumbai,,,
317,,,,,,,,
318,,,,Mumbai,Mumbai,,,
319,,,,,,,,
320,,,,Mumbai,Mumbai,,,
321,,,,,,,,
322,,,,Mumbai,Mumbai,,,
323,,,,,,,,
324,,,,Mumbai,Mumbai,,,
325,,,,,,,,
326,,,,Mumbai,Mumbai,,,
327,,,,,,,,
328,,,,Mumbai,Mumbai,,,
329,,,,,,,,
330,,,,Mumbai,Mumbai,,,
331,,,,,,,,
332,,,,Mumbai,Mumbai,,,
333,,,,,,,,
334,,,,Mumbai,Mumbai,,,
335,,,,,,,,
336,,,,Mumbai,Mumbai,,,
337,,,,,,,,
338,,,,Mumbai,Mumbai,,,
339,,,,,,,,
340,,,,Mumbai,Mumbai,,,
341,,,,,,,,
342,,,,Mumbai,Mumbai,,,
343,,,,,,,,
344,,,,Mumbai,Mumbai,,,
345,,,,,,,,
346,,,,Mumbai,Mumbai,,,
347,,,,,,,,
348,,,,Mumbai,Mumbai,,,
349,,,,,,,,
350,,,,Mumbai,Mumbai,,,
351,,,,,,,,
352,,,,Mumbai,Mumbai,,,
353,,,,,,,,
354,,,,Mumbai,Mumbai,,,
355,,,,,,,,
356,,,,Mumbai,Mumbai,,,
357,,,,,,,,
358,,,,Mumbai,Mumbai,,,
359,,,,,,,,
360,,,,Mumbai,Mumbai,,,
361,,,,,,,,
362,,,,Mumbai,Mumbai,,,
363,,,,,,,,
364,,,,Mumbai,Mumbai,,,
365,,,,,,,,
366,,,,Mumbai,Mumbai,,,
367,,,,,,,,
368,,,,Mumbai,Mumbai,,,
369,,,,,,,,
370,,,,Mumbai,Mumbai,,,
371,,,,,,,,
372,,,,Mumbai,Mumbai,,,
373,,,,,,,,
374,,,,Mumbai,Mumbai,,,
375,,,,,,,,
376,,,,Mumbai,Mumbai,,,
377,,,,,,,,
378,,,,Mumbai,Mumbai,,,
379,,,,,,,,
380,,,,Mumbai,Mumbai,,,
381,,,,,,,,
382,,,,Mumbai,Mumbai,,,
383,,,,,,,,
384,,,,Mumbai,Mumbai,,,
385,,,,,,,,
386,,,,Mumbai,Mumbai,,,
387,,,,,,,,
388,,,,Mumbai,Mumbai,,,
389,,,,,,,,
390,,,,Mumbai,Mumbai,,,
391,,,,,,,,
392,,,,Mumbai,Mumbai,,,
393,,,,,,,,
394,,,,Mumbai,Mumbai,,,
395,,,,,,,,
396,,,,,,,,
397,,,,,,,,
398,,,,,,,,
399,,,,,,,,
400,,,,,,,,
401,,,,,,,,
402,,,,,,,,
403,,,,,,,,
404,,,,,,,,
405,,,,,,,,
406,,,,,,,,
407,,,,,,,,
408,,,,,,,,
409,,,,,,,,
410,,,,,,,,
411,,,,,,,,
412,,,,,,,,
413,,,,,,,,
414,,,,,,,,
415,,,,,,,,
416,,,,,,,,
417,,,,,,,,
418,,,,,,,,
419,,,,,,,,
420,,,,,,,,
421,,,,,,,,
422,,,,,,,,
423,,,,,,,,
424,,,,,,,,
425,,,,,,,,
426,,,,,,,,
427,,,,,,,,
428,,,,,,,,
429,,,,,,,,
430,,,,,,,,
431,,,,,,,,
432,,,,,,,,
433,,,,,,,,
434,,,,,,,,
435,,,,,,,,
436,,,,,,,,
437,,,,,,,,
438,,,,,,,,
439,,,,,,,,
440,,,,,,,,
441,,,,,,,,
442,,,,,,,,
443,,,,,,,,
444,,,,,,,,
445,,,,,,,,
446,,,,,,,,
447,,,,,,,,
448,,,,,,,,
449,,,,,,,,
450,,,,,,,,
451,,,,,,,,
452,,,,,,,,
453,,,,,,,,
454,,,,,,,,
455,,,,,,,,
456,,,,,,1 Stop,,
457,,,,,,,,
458,,,,,,,,
459,,,,,,,,
460,,,,,,,,
461,,,,,,,,
462,,,,,,,,
463,,,,,,,,
464,,,,,,,,
465,,,,,,,,
466,,,,,,,,
467,,,,,,,,
468,,,,,,,,
469,,,,,,,,
470,,,,,,,,
471,,,,,,,,
472,,,,,,,,
473,,,,,,,,
474,,,,,,,,
475,,,,,,,,
476,,,,,,,,
477,,,,,,,,
478,,,,,,,,
479,,,,,,,,
480,,,,,,,,
481,,,,,,,,
482,,,,,,,,
483,,,,,,,,
484,,,,,,,,
485,,,,,,,,
486,,,,,,,,
487,,,,,,,,
488,,,,,,,,
489,,,,,,,,
490,,,,,,,,
491,,,,,,,,
492,,,,,,,,
493,,,,,,,,
494,,,,,,,,
495,,,,,,,,
496,,,,,,,,
497,,,,,,,,
498,,,,,,1 Stop,,
499,,,,,,1 Stop,,
500,,,,,,1 Stop,,
501,,,,,,1 Stop,,
502,,,,,,1 Stop,,
503,,,,,,1 Stop,,
504,,,,,,1 Stop,,
505,,,,,,1 Stop,,
506,,,,,,1 Stop,,
507,,,,,,1 Stop,,
508,,,,,,1 Stop,,
509,,,,,,2 Stop(s),,
510,,,,,,1 Stop,,
511,,,,,,2 Stop(s),,
512,,,,,,1 Stop,,
513,,,,,,1 Stop,,
514,,,,,,1 Stop,,
515,,,,,,1 Stop,,
516,,,,,,2 Stop(s),,
517,,,,,,2 Stop(s),,
518,,,,,,2 Stop(s),,
519,,,,,,1 Stop,,
520,,,,,,1 Stop,,
521,,,,,,1 Stop,,
522,,,,,,1 Stop,,
523,,,,,,1 Stop,,
524,,,,,,1 Stop,,
525,,,,,,2 Stop(s),,
526,,,,,,2 Stop(s),,
527,,,,,,2 Stop(s),,
528,,,,,,1 Stop,,
529,,,,,,1 Stop,,
530,,,,,,1 Stop,,
531,,,,,,1 Stop,,
532,,,,,,1 Stop,,
533,,,,,,1 Stop,,
534,,,,,,1 Stop,,
535,,,,,,1 Stop,,
536,,,,,,1 Stop,,
537,,,,,,2 Stop(s),,
538,,,,,,1 Stop,,
539,,,,,,1 Stop,,
540,,,,,,1 Stop,,
541,,,,,,1 Stop,,
542,,,,,,1 Stop,,
543,,,,,,1 Stop,,
544,,,,,,1 Stop,,
545,,,,,,1 Stop,,
546,,,,,,1 Stop,,
547,,,,,,1 Stop,,
548,,,,,,1 Stop,,
549,,,,,,1 Stop,,
550,,,,,,1 Stop,,
551,,,,,,1 Stop,,
552,,,,,,1 Stop,,
553,,,,,,1 Stop,,
554,,,,,,1 Stop,,
555,,,,,,1 Stop,,
556,,,,,,1 Stop,,
557,,,,,,1 Stop,,
558,,,,,,1 Stop,,
559,,,,,,1 Stop,,
560,,,,,,1 Stop,,
561,,,,,,1 Stop,,
562,,,,,,2 Stop(s),,
563,,,,,,2 Stop(s),,
564,,,,,,1 Stop,,
565,,,,,,1 Stop,,
566,,,,,,1 Stop,,
567,,,,,,1 Stop,,
568,,,,,,2 Stop(s),,
569,,,,,,2 Stop(s),,
570,,,,,,2 Stop(s),,
571,,,,,,2 Stop(s),,
572,,,,,,2 Stop(s),,
573,,,,,,2 Stop(s),,
574,,,,,,2 Stop(s),,
575,,,,,,2 Stop(s),,
576,,,,,,1 Stop,,
577,,,,,,1 Stop,,
578,,,,,,1 Stop,,
579,,,,,,1 Stop,,
580,,,,,,1 Stop,,
581,,,,,,2 Stop(s),,
582,,,,,,2 Stop(s),,
583,,,,,,2 Stop(s),,
584,,,,,,2 Stop(s),,
585,,,,,,2 Stop(s),,
586,,,,,,2 Stop(s),,
587,,,,,,1 Stop,,
588,,,,,,1 Stop,,
589,,,,,,1 Stop,,
590,,,,,,1 Stop,,
591,,,,,,1 Stop,,
592,,,,,,1 Stop,,
593,,,,,,2 Stop(s),,
594,,,,,,2 Stop(s),,
595,,,,,,,,
596,,,,,,,,
597,,,,,,,,
598,,,,,,,,
599,,,,,,,,
600,,,,,,,,
601,,,,,,,,
602,,,,,,,,
603,,,,,,,,
604,,,,,,,,
605,,,,,,,,
606,,,,,,,,
607,,,,,,,,
608,,,,,,,,
609,,,,,,,,
610,,"18:40
Air Asia","06:20
+ 1 day",,,,11h 40m,
611,,"15:20
Go First",16:35,,,,1h 15m,
612,,"01:05
Air Asia",09:30,,,,,
613,,,,,,,,
614,,,,,,,,
615,,,,,,,,
616,,,,,,,,
617,,,,,,,,
618,,,,,,,,
619,,,,,,,,
620,,,,,,,,
621,,,,,,,,
622,,,,,,,,
623,,,,,,,,
624,,,,,,,,
625,,,,,,,,
626,,,,,,,,
627,,,,,,,,
628,,,,,,,,
629,,,,,,,,
630,,,,,,,,
631,,,,,,,,
632,,,,,,,,
633,,,,,,,,
634,,,,,,,,
635,,,,,,,,
636,,,,,,,,
637,,,,,,,,
638,,,,,,,,
639,,,,,,,,
640,,,,,,,,
641,,,,,,,,
642,,,,,,,,
643,,,,,,,,
644,,,,,,,,
645,,,,,,,,
646,,,,,,,,
647,,,,,,,,
648,,,,,,,,
649,,,,,,,,
650,,,,,,,,
651,,,,,,,,
652,,,,,,,,
653,,,,,,,,
654,,,,,,,,
655,,,,,,,,
656,,,,,,,,
657,,,,,,,,
658,,,,,,,,
659,,,,,,,,
660,,,,,,,,
661,,,,,,,,
662,,,,,,,,
663,,,,,,,,
664,,,,,,,,
665,,,,,,,,
666,,,,,,,,
667,,,,,,,,
668,,,,,,,,
669,,,,,,,,
670,,,,,,,,
671,,,,,,,,
672,,,,,,,,
673,,,,,,,,"4,262"
674,,,,,,,,"4,262"
675,,,,,,,,"4,262"
676,,,,,,,,"4,262"
677,,,,,,,,"4,262"
678,Go First,05:35,06:50,,,,1h 15m,"4,262"
679,Go First,09:50,11:05,,,,1h 15m,"4,262"
680,Go First,12:40,13:55,,,,1h 15m,"4,263"
681,Go First,15:20,16:35,,,,1h 15m,"4,263"
682,Go First,14:20,15:40,,,,1h 20m,"4,263"
683,SpiceJet,14:20,15:40,,,,1h 20m,"4,263"
684,SpiceJet,07:20,08:45,,,,1h 25m,"4,263"
685,IndiGo,14:25,15:30,,,,1h 05m,"4,263"
686,IndiGo,16:45,18:00,,,,1h 15m,"4,264"
687,IndiGo,18:05,19:20,,,,1h 15m,"4,316"
688,Air India,05:30,06:50,,,,1h 20m,"4,316"
689,IndiGo,07:25,08:45,,,,1h 20m,"4,368"
690,Air India,13:25,14:45,,,,1h 20m,"4,368"
691,Air Asia,17:15,18:25,,,,1h 10m,"4,631"
692,Vistara,10:15,11:35,,,,1h 20m,"4,657"
693,Vistara,11:25,12:45,,,,1h 20m,"4,709"
694,IndiGo,09:00,10:25,,,,1h 25m,"4,709"
695,IndiGo,11:15,12:40,,,,1h 25m,"4,709"
696,Air India,19:05,20:30,,,,1h 25m,"4,709"
697,Air Asia,17:15,18:25,,,,1h 10m,"4,709"
698,Go First,05:35,06:50,,,,1h 15m,"4,762"
699,Go First,09:50,11:05,,,,1h 15m,"4,762"
700,Go First,12:40,13:55,,,,1h 15m,"4,762"
701,Go First,15:20,16:35,,,,1h 15m,"4,762"
702,Go First,14:20,15:40,,,,1h 20m,"4,867"
703,IndiGo,14:25,15:30,,,,1h 05m,"4,867"
704,IndiGo,16:45,18:00,,,,1h 15m,"5,162"
705,IndiGo,18:05,19:20,,,,1h 15m,"5,162"
706,IndiGo,07:25,08:45,,,,1h 20m,"8,857"
707,IndiGo,09:00,10:25,,,,1h 25m,"8,857"
708,IndiGo,11:15,12:40,,,,1h 25m,"8,857"
709,SpiceJet,14:20,15:40,,,,1h 20m,"8,857"
710,SpiceJet,07:20,08:45,,,,1h 25m,"8,857"
711,Go First,16:00,19:55,,,,3h 55m,"8,883"
712,Air Asia,12:15,16:35,,,,4h 20m,"8,988"
713,Go First,07:00,11:40,,,,4h 40m,"8,988"
714,Go First,11:50,19:55,,,,8h 05m,"8,988"
715,Go First,07:00,19:55,,,,12h 55m,"9,093"
716,Go First,06:05,15:10,,,,9h 05m,"9,093"
717,Vistara,21:00,"13:50
+ 1 day",,,,16h 50m,"9,121"
718,Vistara,19:10,"13:50
+ 1 day",,,,18h 40m,"9,381"
719,Vistara,16:00,"13:50
+ 1 day",,,,21h 50m,"9,670"
720,Vistara,09:05,13:50,,,,4h 45m,"9,749"
721,Vistara,07:00,13:50,,,,6h 50m,"9,749"
722,Air Asia,20:50,"12:25
+ 1 day",,,,15h 35m,"9,749"
723,Air Asia,12:15,16:35,,,,4h 20m,"9,777"
724,Air Asia,20:50,"12:25
+ 1 day",,,,15h 35m,"9,784"
725,Go First,16:00,19:55,,,,3h 55m,"9,784"
726,Go First,11:50,19:55,,,,8h 05m,"9,784"
727,Go First,07:00,19:55,,,,12h 55m,"10,001"
728,Go First,06:05,15:10,,,,9h 05m,"10,001"
729,Vistara,19:15,"13:50
+ 1 day",,,,18h 35m,"10,001"
730,Vistara,11:25,"13:50
+ 1 day",,,,26h 25m,"10,001"
731,Vistara,06:55,"13:50
+ 1 day",,,,30h 55m,"10,001"
732,Go First,05:35,06:50,,,,1h 15m,"10,327"
733,Go First,09:50,11:05,,,,1h 15m,"11,805"
734,Go First,12:40,13:55,,,,1h 15m,"11,805"
735,Go First,15:20,16:35,,,,1h 15m,"11,805"
736,Go First,14:20,15:40,,,,1h 20m,"11,805"
737,Go First,07:00,11:40,,,,4h 40m,"12,251"
738,Go First,16:00,19:55,,,,3h 55m,"12,716"
739,Go First,07:00,11:40,,,,4h 40m,"12,716"
740,Go First,11:50,19:55,,,,8h 05m,"12,716"
741,Go First,07:00,19:55,,,,12h 55m,"12,847"
742,Go First,06:05,15:10,,,,9h 05m,"12,847"
743,Air India,21:15,"10:50
+ 1 day",,,,13h 35m,"12,847"
744,Air India,19:25,"10:50
+ 1 day",,,,15h 25m,"12,847"
745,Air India,05:45,"10:50
+ 1 day",,,,29h 05m,"12,847"
746,Go First,06:00,13:10,,,,7h 10m,"12,847"
747,Go First,22:15,"10:40
+ 1 day",,,,12h 25m,"12,847"
748,Go First,21:40,"10:40
+ 1 day",,,,13h 00m,"12,847"
749,Go First,20:40,"10:40
+ 1 day",,,,14h 00m,"12,978"
750,Go First,22:15,"13:10
+ 1 day",,,,14h 55m,"12,978"
751,Go First,19:20,"10:40
+ 1 day",,,,15h 20m,"12,978"
752,Go First,21:40,"13:10
+ 1 day",,,,15h 30m,"13,083"
753,Go First,20:40,"13:10
+ 1 day",,,,16h 30m,"13,083"
754,Air India,08:00,14:40,,,,6h 40m,"13,083"
755,Air India,07:05,14:40,,,,7h 35m,"13,083"
756,Air India,07:00,14:40,,,,7h 40m,"13,083"
757,Vistara,11:55,19:50,,,,7h 55m,"13,083"
758,Vistara,10:25,19:50,,,,9h 25m,"13,083"
759,Vistara,08:45,19:50,,,,11h 05m,"13,083"
760,Vistara,22:45,"10:55
+ 1 day",,,,12h 10m,"13,188"
761,Vistara,21:55,"10:55
+ 1 day",,,,13h 00m,"13,188"
762,Vistara,22:45,"13:50
+ 1 day",,,,15h 05m,"13,188"
763,Vistara,21:55,"13:50
+ 1 day",,,,15h 55m,"13,188"
764,Vistara,14:40,"10:55
+ 1 day",,,,20h 15m,"13,188"
765,Vistara,20:55,"10:55
+ 1 day",,,,14h 00m,"13,188"
766,Vistara,18:30,"10:55
+ 1 day",,,,16h 25m,"13,188"
767,Vistara,20:55,"13:50
+ 1 day",,,,16h 55m,"13,739"
768,Vistara,17:30,"10:55
+ 1 day",,,,17h 25m,"13,739"
769,Vistara,15:45,"10:55
+ 1 day",,,,19h 10m,"13,739"
770,Vistara,18:30,"13:50
+ 1 day",,,,19h 20m,"13,739"
771,Vistara,17:30,"13:50
+ 1 day",,,,20h 20m,"13,739"
772,Go First,06:00,13:10,,,,7h 10m,"13,739"
773,Go First,22:15,"10:40
+ 1 day",,,,12h 25m,"13,739"
774,Go First,21:40,"10:40
+ 1 day",,,,13h 00m,"13,739"
775,Go First,20:40,"10:40
+ 1 day",,,,14h 00m,"13,773"
776,Go First,22:15,"13:10
+ 1 day",,,,14h 55m,"13,773"
777,Go First,19:20,"10:40
+ 1 day",,,,15h 20m,"13,818"
778,Go First,21:40,"13:10
+ 1 day",,,,15h 30m,"13,818"
779,Go First,20:40,"13:10
+ 1 day",,,,16h 30m,"14,028"
780,Vistara,12:15,"10:55
+ 1 day",,,,22h 40m,"14,448"
781,Vistara,12:15,"13:50
+ 1 day",,,,25h 35m,"14,686"
782,Vistara,19:45,"10:55
+ 1 day",,,,15h 10m,"14,686"
783,Vistara,19:45,"13:50
+ 1 day",,,,18h 05m,"14,686"
784,Vistara,07:30,19:50,,,,12h 20m,"15,730"
785,Vistara,07:30,13:50,,,,6h 20m,"15,730"
786,Vistara,09:30,"10:55
+ 1 day",,,,25h 25m,"15,908"
787,Vistara,09:30,"13:50
+ 1 day",,,,28h 20m,"15,908"
788,Vistara,09:30,"19:50
+ 1 day",,,,34h 20m,"15,908"
789,Vistara,05:30,19:50,,,,14h 20m,"15,953"
790,Vistara,05:30,"19:50
+ 1 day",,,,38h 20m,"15,953"
791,Vistara,05:30,"10:55
+ 1 day",,,,29h 25m,"15,953"
792,Vistara,05:30,"10:55
+ 1 day",,,,29h 25m,"15,953"
793,Vistara,05:30,"13:50
+ 1 day",,,,32h 20m,"15,953"
794,Go First,06:00,13:10,,,,7h 10m,"16,337"
795,Go First,22:15,"10:40
+ 1 day",,,,12h 25m,"16,337"
796,Go First,21:40,"10:40
+ 1 day",,,,13h 00m,"16,337"
797,Go First,20:40,"10:40
+ 1 day",,,,14h 00m,"17,254"
798,Go First,19:20,"10:40
+ 1 day",,,,15h 20m,"17,422"
799,Vistara,09:30,19:50,,,,10h 20m,"17,422"
800,Vistara,09:30,"10:55
+ 1 day",,,,25h 25m,"20,452"
801,Vistara,09:30,"13:50
+ 1 day",,,,28h 20m,"20,452"
802,Vistara,07:10,19:50,,,,12h 40m,"20,452"
803,Vistara,18:30,"10:55
+ 1 day",,,,16h 25m,"22,008"
804,Vistara,18:30,"13:50
+ 1 day",,,,19h 20m,"22,008"
805,Go First,22:15,"13:10
+ 1 day",,,,14h 55m,"22,008"
806,Go First,21:40,"13:10
+ 1 day",,,,15h 30m,"22,008"
807,Go First,20:40,"13:10
+ 1 day",,,,16h 30m,"26,313"
808,Air India,19:00,"14:40
+ 1 day",,,,19h 40m,
809,Air India,18:00,"14:40
+ 1 day",,,,20h 40m,
810,Air India,16:00,"14:40
+ 1 day",,,,22h 40m,
811,Air India,15:40,"14:40
+ 1 day",,,,23h 00m,
812,Air India,21:15,"14:40
+ 1 day",,,,17h 25m,
813,Air Asia,01:05,,,,,,
814,SpiceJet,05:25,,,,,,
815,IndiGo,02:10,,,,,,
816,IndiGo,17:05,,,,,,
817,IndiGo,17:55,,,,,,
818,IndiGo,17:55,,,,,,
819,IndiGo,23:30,,,,,,
820,IndiGo,00:05,,,,,,
821,SpiceJet,05:25,,,,,,
822,IndiGo,03:20,,,,,,
823,Air Asia,23:05,,,,,,
824,Air India,07:30,,,,,,
825,Air India,07:30,,,,,,
826,SpiceJet,22:35,,,,,,
827,SpiceJet,19:30,,,,,,
828,Air India,07:30,,,,,,
829,Go First,23:45,,,,,,
830,IndiGo,02:10,,,,,,
831,IndiGo,17:05,,,,,,
832,IndiGo,17:55,,,,,,
833,IndiGo,17:55,,,,,,
834,IndiGo,23:30,,,,,,
835,IndiGo,22:00,,,,,,
836,SpiceJet,06:20,,,,,,
837,Air India,23:10,,,,,,
838,Air India,23:10,,,,,,
839,Go First,18:15,,,,,,
840,Go First,17:00,,,,,,
841,Go First,17:00,,,,,,
842,Go First,18:15,,,,,,
843,Go First,18:15,,,,,,
844,Go First,17:00,,,,,,
845,Go First,17:00,,,,,,
846,Air Asia,01:05,,,,,,
847,IndiGo,03:20,,,,,,
848,Air Asia,23:05,,,,,,
849,Air India,01:15,,,,,,
850,Go First,06:40,,,,,,
851,Go First,06:40,,,,,,
852,Go First,06:40,,,,,,
853,IndiGo,00:05,,,,,,
854,SpiceJet,17:35,,,,,,
855,SpiceJet,05:25,,,,,,
856,IndiGo,03:25,,,,,,
857,Air India,23:10,,,,,,
858,Air India,07:30,,,,,,
859,Air India,07:30,,,,,,
860,Air India,07:30,,,,,,
861,Go First,23:45,,,,,,
862,IndiGo,22:00,,,,,,
863,IndiGo,02:05,,,,,,
864,IndiGo,02:05,,,,,,
865,Air India,15:20,,,,,,
866,Air India,15:20,,,,,,
867,IndiGo,14:30,,,,,,
868,IndiGo,14:30,,,,,,
869,SpiceJet,17:35,,,,,,
870,IndiGo,02:10,,,,,,
871,Air Asia,15:30,,,,,,
872,Air Asia,16:35,,,,,,
873,IndiGo,00:50,,,,,,
874,SpiceJet,13:30,,,,,,
875,Go First,17:40,,,,,,
876,Air India,23:10,,,,,,
877,Air India,23:10,,,,,,
878,Air India,23:10,,,,,,
879,IndiGo,02:05,,,,,,
880,Air India,07:30,,,,,,
881,Air India,07:30,,,,,,
882,Air India,15:20,,,,,,
883,SpiceJet,17:35,,,,,,
884,SpiceJet,21:05,,,,,,
885,SpiceJet,21:05,,,,,,
886,Go First,18:15,,,,,,
887,Go First,17:00,,,,,,
888,Go First,17:00,,,,,,
889,Go First,18:15,,,,,,
890,Go First,18:15,,,,,,
891,Go First,17:00,,,,,,
892,Go First,17:00,,,,,,
893,Vistara,21:55,,,,,,
894,Vistara,21:55,,,,,,
895,Vistara,21:55,,,,,,
896,Vistara,21:55,,,,,,
897,SpiceJet,13:30,,,,,,
898,SpiceJet,13:30,,,,,,
899,SpiceJet,05:25,,,,,,
900,Go First,06:40,,,,,,
901,Go First,06:40,,,,,,
902,Go First,06:40,,,,,,
903,SpiceJet,12:05,,,,,,
904,SpiceJet,15:05,,,,,,
905,IndiGo,03:25,,,,,,
906,SpiceJet,19:05,,,,,,
907,SpiceJet,22:35,,,,,,
908,SpiceJet,19:30,,,,,,
909,IndiGo,14:30,,,,,,
910,IndiGo,14:30,,,,,,
911,IndiGo,00:50,,,,,,
912,Vistara,21:55,,,,,,
913,Go First,17:40,,,,,,
914,Air Asia,15:30,,,,,,
915,Air Asia,16:35,,,,,,
916,IndiGo,02:05,,,,,,
917,IndiGo,02:05,,,,,,
918,IndiGo,06:25,,,,,,
919,IndiGo,02:30,,,,,,
920,IndiGo,13:00,,,,,,
921,IndiGo,18:50,,,,,,
922,IndiGo,02:10,,,,,,
923,Air India,15:20,,,,,,
924,Air India,15:20,,,,,,
925,Air India,23:10,,,,,,
926,Air India,15:20,,,,,,
927,Air India,23:10,,,,,,
928,IndiGo,18:55,,,,,,
929,Go First,23:55,,,,,,
930,SpiceJet,13:30,,,,,,
931,SpiceJet,05:25,,,,,,
932,IndiGo,06:55,,,,,,
933,IndiGo,06:55,,,,,,
934,Air Asia,22:30,,,,,,
935,Vistara,13:20,,,,,,
936,IndiGo,18:30,,,,,,
937,Vistara,21:55,,,,,,
938,Vistara,21:55,,,,,,
939,Vistara,21:55,,,,,,
940,IndiGo,02:05,,,,,,
941,IndiGo,13:00,,,,,,
942,IndiGo,18:50,,,,,,
943,IndiGo,14:35,,,,,,
944,Air India,15:20,,,,,,
945,Air India,14:10,,,,,,
946,Vistara,13:20,,,,,,
947,Vistara,13:20,,,,,,
948,Vistara,13:20,,,,,,
949,IndiGo,06:55,,,,,,
950,IndiGo,06:55,,,,,,
951,Air Asia,22:30,,,,,,
952,IndiGo,06:25,,,,,,
953,IndiGo,02:30,,,,,,
954,IndiGo,18:55,,,,,,
955,SpiceJet,17:35,,,,,,
956,SpiceJet,05:25,,,,,,
957,SpiceJet,06:20,,,,,,
958,IndiGo,18:30,,,,,,
959,Vistara,14:40,,,,,,
960,Vistara,14:40,,,,,,
961,Vistara,14:40,,,,,,
962,Vistara,14:40,,,,,,
963,Air India,17:30,,,,,,
964,Air India,17:30,,,,,,
965,Go First,23:55,,,,,,
966,Air India,21:00,,,,,,
967,SpiceJet,12:05,,,,,,
968,SpiceJet,15:05,,,,,,
969,Vistara,14:40,,,,,,
970,Vistara,14:40,,,,,,
971,Vistara,14:40,,,,,,
972,Vistara,14:40,,,,,,
973,IndiGo,03:30,,,,,,
974,IndiGo,16:30,,,,,,
975,IndiGo,16:30,,,,,,
976,SpiceJet,17:35,,,,,,
977,Vistara,13:20,,,,,,
978,Vistara,13:20,,,,,,
979,Vistara,13:20,,,,,,
980,IndiGo,13:10,,,,,,
981,IndiGo,13:10,,,,,,
982,IndiGo,13:10,,,,,,
983,IndiGo,14:35,,,,,,
984,IndiGo,14:35,,,,,,
985,SpiceJet,13:30,,,,,,
986,IndiGo,14:05,,,,,,
987,Air India,21:00,,,,,,
988,Vistara,21:55,,,,,,
989,SpiceJet,21:05,,,,,,
990,SpiceJet,21:05,,,,,,
991,Go First,13:15,,,,,,
992,IndiGo,16:30,,,,,,
993,SpiceJet,17:35,,,,,,
994,Air Asia,17:55,,,,,,
995,Air Asia,17:55,,,,,,
996,Air Asia,17:55,,,,,,
997,SpiceJet,13:30,,,,,,
998,SpiceJet,13:30,,,,,,
999,SpiceJet,19:05,,,,,,
1000,Vistara,21:55,,,,,,
1001,SpiceJet,12:55,,,,,,
1002,Go First,13:15,,,,,,
1003,IndiGo,14:05,,,,,,
1004,IndiGo,16:30,,,,,,
1005,IndiGo,16:30,,,,,,
1006,IndiGo,13:10,,,,,,
1007,IndiGo,13:10,,,,,,
1008,IndiGo,13:10,,,,,,
1009,IndiGo,14:40,,,,,,
1010,SpiceJet,13:30,,,,,,
1011,IndiGo,03:30,,,,,,
1012,IndiGo,14:35,,,,,,
1013,Air Asia,17:55,,,,,,
1014,Air Asia,17:55,,,,,,
1015,Air Asia,17:55,,,,,,
1016,IndiGo,16:30,,,,,,
1017,Vistara,21:55,,,,,,
1018,Vistara,21:55,,,,,,
1019,Vistara,21:55,,,,,,
1020,Vistara,21:55,,,,,,
1021,Vistara,21:55,,,,,,
1022,Go First,13:15,,,,,,
1023,Vistara,13:20,,,,,,
1024,Vistara,14:30,,,,,,
1025,Vistara,12:15,,,,,,
1026,Go First,13:15,,,,,,
1027,Vistara,13:20,,,,1 Stop,,
1028,IndiGo,14:40,,,,,,
1029,Air Asia,20:05,,,,,,
1030,Air Asia,20:05,,,,,,
1031,Go First,13:15,,,,,,
1032,Vistara,13:20,,,,,,
1033,Vistara,13:20,,,,,,
1034,Air Asia,20:05,,,,,,
1035,Air Asia,20:05,,,,,,
1036,IndiGo,15:20,,,,,,
1037,Air Asia,06:25,,,,,,
1038,Air Asia,06:25,,,,,,
1039,IndiGo,15:20,,,,,,
1040,Go First,13:15,,,,,,
1041,IndiGo,18:55,,,,,,
1042,SpiceJet,12:55,,,,,,
1043,Air Asia,17:55,,,,,,
1044,Vistara,13:20,,,,,,
1045,Air Asia,06:25,,,,,,
1046,Air Asia,06:25,,,,,,
1047,IndiGo,18:55,,,,,,
1048,Air Asia,17:55,,,,,,
1049,Go First,13:15,,,,,,
1050,,,,,,,,
1051,,,,,,,,
1052,,,,,,,,
1053,,,,,,,,
1054,,,,,,,,
1055,,,,,,,,
1056,,,,,,,,
1057,,,,,,,,
1058,,,,,,,,
1059,,,,,,,,
1060,,,,,,,,
1061,,,,,,,,
1062,,,,,,,,
1063,,,,,,,,
1064,,,,,,,,
1065,,,,,,,,
1066,,,,,,,,
1067,,,,,,,,
1068,,,,,,,,
1069,,,,,,,,
1070,,,,,,,,
1071,,,,,,,,
1072,,,,,,,,
1073,,,,,,,,
1074,,,,,,,,
1075,,,,,,,,
1076,,,,,,,,
1077,,,,,,,,
1078,,,,,,,,
1079,,,,,,,,
1080,,,,,,,,
1081,,,,,,,,
1082,,,,,,,,
1083,,,,,,,,
1084,,,,,,,,
1085,,,,,,,,
1086,,,,,,,,
1087,,,,,,,,
1088,,,,,,,,
1089,,,,,,,,
1090,,,,,,,,
1091,,,,,,,,
1092,,,,,,,,
1093,,,,,,,,
1094,,,,,,,,
1095,,,,,,,,
1096,,,,,,,,
1097,,,,,,,,
1098,,,,,,,,
1099,,,,,,,,
1100,,,,,,,,
1101,,,,,,,,
1102,,,,,,,,
1103,,,,,,,,
1104,,,,,,,,
1105,,,,,,,,
1106,,,,,,,,
1107,,,,,,,,
1108,,,,,,,,
1109,,,,,,,,
1110,,,,,,,,
1111,,,,,,,,
1112,,,,,,,,
1113,,,,,,,,
1114,,,,,,,,
1115,,,,,,,,
1116,,,,,,,,
1117,,,,,,,,
1118,,,,,,,,
1119,,,,,,,,
1120,,,,,,,,
1121,,,,,,,,
1122,,,,,,,,
1123,,,,,,,,
1124,,,,,,,,
1125,,,,,,,,
1126,,,,,,,,
1127,,,,,,,,
1128,,,,,,,,
1129,,,,,,,,
1130,,,,,,,,
1131,,,,,,,,
1132,,,,,,,,
1133,,,,,,,,
1134,,,,,,,,
1135,,,,,,,,
1136,,,,,,,,
1137,,,,,,,,
1138,,,,,,,,
1139,,,,,,,,
1140,,,,,,,,
1141,,,,,,,,
1142,,,,,,,,
1143,,,,,,,,
1144,,,,,,,,
1145,,,,,,,,
1146,,,,,,,,
1147,,,,,,,,
1148,,,,,,,,
1149,,,,,,,,
1150,,,,,,,,
1151,,,,,,,,
1152,,,,,,,,
1153,,,,,,,,
1154,,,,,,,,
1155,,,,,,,,
1156,,,,,,,,
1157,,,,,,,,
1158,,,,,,,,
1159,,,,,,,,
1160,,,,,,,,
1161,,,,,,,,
1162,,,,,,,,
1163,,,,,,,,
1164,,,,,,,,
1165,,,,,,,,
1166,,,,,,1 Stop,,
1167,,,,,,1 Stop,,
1168,,,,,,1 Stop,,
1169,,,,,,1 Stop,,
1170,,,,,,1 Stop,,
1171,,,,,,1 Stop,,
1172,,,,,,1 Stop,,
1173,,,,,,1 Stop,,
1174,,,,,,1 Stop,,
1175,,,,,,2 Stop(s),,
1176,,,,,,2 Stop(s),,
1177,,,,,,1 Stop,,
1178,,,,,,1 Stop,,
1179,,,,,,1 Stop,,
1180,,,,,,1 Stop,,
1181,,,,,,1 Stop,,
1182,,,,,,1 Stop,,
1183,,,,,,1 Stop,,
1184,,,,,,2 Stop(s),,
1185,,,,,,2 Stop(s),,
1186,,,,,,1 Stop,,
1187,,,,,,1 Stop,,
1188,,,,,,1 Stop,,
1189,,,,,,1 Stop,,
1190,,,,,,1 Stop,,
1191,,,,,,1 Stop,,
1192,,,,,,1 Stop,,
1193,,,,,,1 Stop,,
1194,,,,,,1 Stop,,
1195,,,,,,1 Stop,,
1196,,,,,,1 Stop,,
1197,,,,,,1 Stop,,
1198,,,,,,1 Stop,,
1199,,,,,,1 Stop,,
1200,,,,,,1 Stop,,
1201,,,,,,1 Stop,,
1202,,,,,,1 Stop,,
1203,,,,,,1 Stop,,
1204,,,,,,1 Stop,,
1205,,,,,,1 Stop,,
1206,,,,,,1 Stop,,
1207,,,,,,2 Stop(s),,
1208,,,,,,2 Stop(s),,
1209,,,,,,1 Stop,,
1210,,,,,,1 Stop,,
1211,,,,,,1 Stop,,
1212,,,,,,1 Stop,,
1213,,,,,,1 Stop,,
1214,,,,,,1 Stop,,
1215,,,,,,1 Stop,,
1216,,,,,,1 Stop,,
1217,,,,,,1 Stop,,
1218,,,,,,1 Stop,,
1219,,,,,,1 Stop,,
1220,,,,,,1 Stop,,
1221,,,,,,1 Stop,,
1222,,,,,,1 Stop,,
1223,,,,,,1 Stop,,
1224,,,,,,1 Stop,,
1225,,,,,,1 Stop,,
1226,,,,,,1 Stop,,
1227,,,,,,1 Stop,,
1228,,,,,,1 Stop,,
1229,,,,,,1 Stop,,
1230,,,,,,1 Stop,,
1231,,,,,,1 Stop,,
1232,,,,,,1 Stop,,
1233,,,,,,1 Stop,,
1234,,,,,,1 Stop,,
1235,,,,,,1 Stop,,
1236,,,,,,1 Stop,,
1237,,,,,,1 Stop,,
1238,,,,,,1 Stop,,
1239,,,,,,1 Stop,,
1240,,,,,,1 Stop,,
1241,,,,,,1 Stop,,
1242,,,,,,1 Stop,,
1243,,,,,,1 Stop,,
1244,,,,,,1 Stop,,
1245,,,,,,1 Stop,,
1246,,,,,,1 Stop,,
1247,,,,,,1 Stop,,
1248,,,,,,1 Stop,,
1249,,,,,,1 Stop,,
1250,,,,,,1 Stop,,
1251,,,,,,1 Stop,,
1252,,,,,,1 Stop,,
1253,,,,,,1 Stop,,
1254,,,,,,1 Stop,,
1255,,,,,,1 Stop,,
1256,,,,,,1 Stop,,
1257,,,,,,1 Stop,,
1258,,,,,,1 Stop,,
1259,,,,,,1 Stop,,
1260,,,,,,1 Stop,,
1261,,,,,,1 Stop,,
1262,,,,,,1 Stop,,
1263,,,,,,1 Stop,,
1264,,,,,,1 Stop,,
1265,,,,,,1 Stop,,
1266,,,,,,1 Stop,,
1267,,,,,,1 Stop,,
1268,,,,,,1 Stop,,
1269,,,,,,1 Stop,,
1270,,,,,,1 Stop,,
1271,,,,,,1 Stop,,
1272,,,,,,1 Stop,,
1273,,,,,,1 Stop,,
1274,,,,,,1 Stop,,
1275,,,,,,1 Stop,,
1276,,,,,,1 Stop,,
1277,,,,,,1 Stop,,
1278,,,,,,1 Stop,,
1279,,,,,,1 Stop,,
1280,,,,,,1 Stop,,
1281,,,,,,1 Stop,,
1282,,,,,,1 Stop,,
1283,,,,,,1 Stop,,
1284,,,,,,1 Stop,,
1285,,,,,,1 Stop,,
1286,,,,,,1 Stop,,
1287,,,,,,1 Stop,,
1288,,,,,,2 Stop(s),,
1289,,,,,,2 Stop(s),,
1290,,,,,,1 Stop,,
1291,,,,,,2 Stop(s),,
1292,,,,,,2 Stop(s),,
1293,,,,,,2 Stop(s),,
1294,,,,,,2 Stop(s),,
1295,,,,,,2 Stop(s),,
1296,,,,,,1 Stop,,
1297,,,,,,1 Stop,,
1298,,,,,,1 Stop,,
1299,,,,,,1 Stop,,
1300,,,,,,1 Stop,,
1301,,,,,,1 Stop,,
1302,,,,,,1 Stop,,
1303,,,,,,1 Stop,,
1304,,,,,,1 Stop,,
1305,,,,,,1 Stop,,
1306,,,,,,1 Stop,,
1307,,,,,,1 Stop,,
1308,,,,,,1 Stop,,
1309,,,,,,1 Stop,,
1310,,,,,,2 Stop(s),,
1311,,,,,,1 Stop,,
1312,,,,,,1 Stop,,
1313,,,,,,1 Stop,,
1314,,,,,,1 Stop,,
1315,,,,,,1 Stop,,
1316,,,,,,2 Stop(s),,
1317,,,,,,2 Stop(s),,
1318,,,,,,2 Stop(s),,
1319,,,,,,1 Stop,,
1320,,,,,,1 Stop,,
1321,,,,,,1 Stop,,
1322,,,,,,2 Stop(s),,
1323,,,,,,1 Stop,,
1324,,,,,,1 Stop,,
1325,,,,,,1 Stop,,
1326,,,,,,1 Stop,,
1327,,,,,,1 Stop,,
1328,,,,,,1 Stop,,
1329,,,,,,1 Stop,,
1330,,,,,,1 Stop,,
1331,,,,,,1 Stop,,
1332,,,,,,1 Stop,,
1333,,,,,,1 Stop,,
1334,,,,,,2 Stop(s),,
1335,,,,,,2 Stop(s),,
1336,,,,,,2 Stop(s),,
1337,,,,,,1 Stop,,
1338,,,,,,2 Stop(s),,
1339,,,,,,2 Stop(s),,
1340,,,,,,2 Stop(s),,
1341,,,,,,2 Stop(s),,
1342,,,,,,2 Stop(s),,
1343,,"18:40
Air Asia","06:20
+ 1 day",,,1 Stop,11h 40m,
1344,,"15:20
Go First",16:35,,,2 Stop(s),1h 15m,
1345,,"01:05
Air Asia",09:30,,,1 Stop,,
1346,,,,,,2 Stop(s),,
1347,,,,,,1 Stop,,
1348,,,,,,2 Stop(s),,
1349,,,,,,2 Stop(s),,
1350,,,,,,1 Stop,,
1351,,,,,,2 Stop(s),,
1352,,,,,,2 Stop(s),,
1353,,,,,,2 Stop(s),,
1354,,,,,,2 Stop(s),,
1355,,,,,,2 Stop(s),,
1356,,,,Mumbai,Mumbai,2 Stop(s),,
1357,,,,Goa,Goa,1 Stop,,
1358,,,,Mumbai,Mumbai,1 Stop,,
1359,,,,Goa,Goa,1 Stop,,
1360,,,,Mumbai,Mumbai,2 Stop(s),,
1361,,,,Goa,Goa,2 Stop(s),,
1362,,,,Mumbai,Mumbai,2 Stop(s),,
1363,,,,Goa,Goa,2 Stop(s),,
1364,,,,Mumbai,Mumbai,1 Stop,,
1365,,,,Goa,Goa,2 Stop(s),,
1366,,,,Mumbai,Mumbai,1 Stop,,
1367,,,,Goa,Goa,,,
1368,,,,Mumbai,Mumbai,,,
1369,,,,Goa,Goa,,,
1370,,,,Mumbai,Mumbai,,,
1371,,,,Goa,Goa,,,
1372,,,,Mumbai,Mumbai,,,
1373,,,,Goa,Goa,,,
1374,,,,Mumbai,Mumbai,,,
1375,,,,Goa,Goa,,,
1376,,,,Mumbai,Mumbai,,,
1377,,,,Goa,Goa,,,
1378,,,,Mumbai,Mumbai,,,
1379,,,,Goa,Goa,,,
1380,,,,Mumbai,Mumbai,,,
1381,,,,Goa,Goa,,,
1382,,,,Mumbai,Mumbai,,,
1383,,,,Goa,Goa,,,
1384,,,,Mumbai,Mumbai,,,
1385,,,,Goa,Goa,,,
1386,,,,Mumbai,Mumbai,,,
1387,,,,Goa,Goa,,,
1388,,,,Mumbai,Mumbai,,,
1389,,,,Goa,Goa,,,
1390,,,,Mumbai,Mumbai,,,
1391,,,,Goa,Goa,,,
1392,,,,Mumbai,Mumbai,,,
1393,,,,Goa,Goa,,,
1394,,,,Mumbai,Mumbai,,,
1395,,,,Goa,Goa,,,
1396,,,,Mumbai,Mumbai,,,
1397,,,,Goa,Goa,,,
1398,,,,Mumbai,Mumbai,,,
1399,,,,Goa,Goa,,,
1400,,,,Mumbai,Mumbai,,,
1401,,,,Goa,Goa,,,
1402,,,,Mumbai,Mumbai,,,
1403,,,,Goa,Goa,,,
1404,,,,Mumbai,Mumbai,,,
1405,,,,Goa,Goa,,,
1406,,,,Mumbai,Mumbai,,,
1407,,,,Goa,Goa,,,
1408,,,,Mumbai,Mumbai,,,
1409,,,,Goa,Goa,,,
1410,,,,Mumbai,Mumbai,,,
1411,,,,Goa,Goa,,,
1412,,,,Mumbai,Mumbai,,,
1413,,,,Goa,Goa,,,
1414,,,,Mumbai,Mumbai,,,
1415,,,,Goa,Goa,,,
1416,,,,Mumbai,Mumbai,,,
1417,,,,Goa,Goa,,,
1418,,,,Mumbai,Mumbai,,,
1419,,,,Goa,Goa,,,
1420,,,,Mumbai,Mumbai,,,
1421,,,,Goa,Goa,,,
1422,,,,Mumbai,Mumbai,,,
1423,,,,Goa,Goa,,,
1424,,,,Mumbai,Mumbai,,,
1425,,,,Goa,Goa,,,
1426,,,,Mumbai,Mumbai,,,
1427,,,,Goa,Goa,,,
1428,,,,Mumbai,Mumbai,,,
1429,,,,Goa,Goa,,,
1430,,,,Mumbai,Mumbai,,,
1431,,,,Goa,Goa,,,
1432,,,,Mumbai,Mumbai,,,
1433,,,,Goa,Goa,,,
1434,,,,Mumbai,Mumbai,,,
1435,,,,Goa,Goa,,,
1436,,,,Mumbai,Mumbai,,,
1437,,,,Goa,Goa,,,
1438,,,,Mumbai,Mumbai,,,
1439,,,,Goa,Goa,,,
1440,,,,Mumbai,Mumbai,,,
1441,,,,Goa,Goa,,,
1442,,,,Mumbai,Mumbai,,,
1443,,,,Goa,Goa,,,
1444,,,,Mumbai,Mumbai,,,
1445,,,,Goa,Goa,,,
1446,,,,Mumbai,Mumbai,,,
1447,,,,Goa,Goa,,,
1448,,,,Mumbai,Mumbai,,,
1449,,,,Goa,Goa,,,
1450,,,,Mumbai,Mumbai,,,
1451,,,,Goa,Goa,,,
1452,,,,Mumbai,Mumbai,,,
1453,,,,Goa,Goa,,,
1454,,,,Mumbai,Mumbai,,,
1455,,,,Goa,Goa,,,
1456,,,,Mumbai,Mumbai,,,
1457,,,,Goa,Goa,,,
1458,,,,Mumbai,Mumbai,,,
1459,,,,Goa,Goa,,,
1460,,,,Mumbai,Mumbai,,,
1461,,,,Goa,Goa,,,
1462,,,,Mumbai,Mumbai,,,
1463,,,,Goa,Goa,,,
1464,,,,Mumbai,Mumbai,,,
1465,,,,Goa,Goa,,,
1466,,,,Mumbai,Mumbai,,,
1467,,,,Goa,Goa,,,
1468,,,,Mumbai,Mumbai,,,
1469,,,,Goa,Goa,,,
1470,,,,Mumbai,Mumbai,,,
1471,,,,Goa,Goa,,,
1472,,,,Mumbai,Mumbai,,,
1473,,,,Goa,Goa,,,
1474,,,,Mumbai,Mumbai,,,
1475,,,,Goa,Goa,,,
1476,,,,Mumbai,Mumbai,,,
1477,,,,Goa,Goa,,,
1478,,,,Mumbai,Mumbai,,,
1479,,,,Goa,Goa,,,
1480,,,,Mumbai,Mumbai,,,
1481,,,,Goa,Goa,,,
1482,,,,Mumbai,Mumbai,,,
1483,,,,Goa,Goa,,,
1484,,,,Mumbai,Mumbai,,,
1485,,,,Goa,Goa,,,
1486,,,,Mumbai,Mumbai,,,
1487,,,,Goa,Goa,,,
1488,,,,Mumbai,Mumbai,,,
1489,,,,Goa,Goa,,,
1490,,,,Mumbai,Mumbai,,,
1491,,,,Goa,Goa,,,
1492,,,,Mumbai,Mumbai,,,
1493,,,,Goa,Goa,,,
1494,,,,Mumbai,Mumbai,,,
1495,,,,Goa,Goa,,,
1496,,,,Mumbai,Mumbai,,,
1497,,,,Goa,Goa,,,
1498,,,,Mumbai,Mumbai,,,
1499,,,,Goa,Goa,,,
1500,,,,Mumbai,Mumbai,,,
1501,,,,Goa,Goa,,,
1502,,,,Mumbai,Mumbai,,,
1503,,,,Goa,Goa,,,
1504,,,,Mumbai,Mumbai,,,
1505,,,,Goa,Goa,,,
1506,,,,Mumbai,Mumbai,,,
1507,,,,Goa,Goa,,,
1508,,,,Mumbai,Mumbai,,,
1509,,,,Goa,Goa,,,
1510,,,,Mumbai,Mumbai,,,
1511,,,,Goa,Goa,,,
1512,,,,Mumbai,Mumbai,,,
1513,,,,Goa,Goa,,,
1514,,,,Mumbai,Mumbai,,,
1515,,,,Goa,Goa,,,
1516,,,,Mumbai,Mumbai,,,
1517,,,,Goa,Goa,,,
1518,,,,Mumbai,Mumbai,,,
1519,,,,Goa,Goa,,,
1520,,,,Mumbai,Mumbai,,,
1521,,,,Goa,Goa,,,
1522,,,,Mumbai,Mumbai,,,
1523,,,,Goa,Goa,,,
1524,,,,Mumbai,Mumbai,,,
1525,,,,Goa,Goa,,,
1526,,,,Mumbai,Mumbai,,,
1527,,,,Goa,Goa,,,
1528,,,,Mumbai,Mumbai,,,
1529,,,,Goa,Goa,,,
1530,,,,Mumbai,Mumbai,,,
1531,,,,Goa,Goa,,,
1532,,,,Mumbai,Mumbai,,,
1533,,,,Goa,Goa,,,
1534,,,,Mumbai,Mumbai,,,
1535,,,,Goa,Goa,,,
1536,,,,Mumbai,Mumbai,,,"4,072"
1537,,,,Goa,Goa,,,"4,113"
1538,,,,Mumbai,Mumbai,,,"4,153"
1539,,,,Goa,Goa,,,"4,153"
1540,,,,Mumbai,Mumbai,,,"4,153"
1541,,,,Goa,Goa,,,"4,153"
1542,,,,Mumbai,Mumbai,,,"4,153"
1543,,,,Goa,Goa,,,"4,333"
1544,,,,Mumbai,Mumbai,,,"4,429"
1545,,,,Goa,Goa,,,"4,500"
1546,Air Asia,01:05,09:30,Mumbai,Mumbai,,8h 25m,"4,500"
1547,SpiceJet,05:25,23:55,Goa,Goa,,18h 30m,"4,505"
1548,IndiGo,02:10,07:15,Mumbai,Mumbai,,5h 05m,"4,505"
1549,IndiGo,17:05,22:30,Goa,Goa,,5h 25m,"4,814"
1550,IndiGo,17:55,23:45,Mumbai,Mumbai,,5h 50m,"4,814"
1551,IndiGo,17:55,"00:45
+ 1 day",Goa,Goa,,6h 50m,"4,820"
1552,IndiGo,23:30,"07:35
+ 1 day",Mumbai,Mumbai,,8h 05m,"4,825"
1553,IndiGo,00:05,07:15,Goa,Goa,,7h 10m,"4,888"
1554,SpiceJet,05:25,21:30,Mumbai,Mumbai,,16h 05m,"4,888"
1555,IndiGo,03:20,05:50,Goa,Goa,,2h 30m,"4,888"
1556,Air Asia,23:05,"01:45
+ 1 day",Mumbai,Mumbai,,2h 40m,"4,888"
1557,Air India,07:30,19:20,Goa,Goa,,11h 50m,"4,888"
1558,Air India,07:30,"11:10
+ 1 day",Mumbai,Mumbai,,27h 40m,"4,889"
1559,SpiceJet,22:35,"01:00
+ 1 day",Goa,Goa,,2h 25m,"4,894"
1560,SpiceJet,19:30,22:10,Mumbai,Mumbai,,2h 40m,"4,925"
1561,Air India,07:30,"08:55
+ 1 day",Goa,Goa,,25h 25m,"4,925"
1562,Go First,23:45,"02:10
+ 1 day",Mumbai,Mumbai,,2h 25m,"4,932"
1563,IndiGo,02:10,07:15,Goa,Goa,,5h 05m,"4,932"
1564,IndiGo,17:05,22:30,Mumbai,Mumbai,,5h 25m,"4,932"
1565,IndiGo,17:55,23:45,Goa,Goa,,5h 50m,"4,932"
1566,IndiGo,17:55,"00:45
+ 1 day",Mumbai,Mumbai,,6h 50m,"4,932"
1567,IndiGo,23:30,"07:35
+ 1 day",Goa,Goa,,8h 05m,"4,932"
1568,IndiGo,22:00,"00:30
+ 1 day",Mumbai,Mumbai,,2h 30m,"4,932"
1569,SpiceJet,06:20,"08:40
+ 1 day",Goa,Goa,,26h 20m,"4,991"
1570,Air India,23:10,"11:10
+ 1 day",Mumbai,Mumbai,,12h 00m,"4,999"
1571,Air India,23:10,"19:20
+ 1 day",Goa,Goa,,20h 10m,"5,026"
1572,Go First,18:15,23:30,Mumbai,Mumbai,,5h 15m,"5,038"
1573,Go First,17:00,22:25,Goa,Goa,,5h 25m,"5,048"
1574,Go First,17:00,23:30,Mumbai,Mumbai,,6h 30m,"5,048"
1575,Go First,18:15,"00:50
+ 1 day",Goa,Goa,,6h 35m,"5,048"
1576,Go First,18:15,"02:00
+ 1 day",Mumbai,Mumbai,,7h 45m,"5,068"
1577,Go First,17:00,"00:50
+ 1 day",Goa,Goa,,7h 50m,"5,163"
1578,Go First,17:00,"02:00
+ 1 day",Mumbai,Mumbai,,9h 00m,"5,163"
1579,Air Asia,01:05,09:30,Goa,Goa,,8h 25m,"5,236"
1580,IndiGo,03:20,05:50,Mumbai,Mumbai,,2h 30m,"5,240"
1581,Air Asia,23:05,"01:45
+ 1 day",Goa,Goa,,2h 40m,"5,240"
1582,Air India,01:15,03:40,Mumbai,Mumbai,,2h 25m,"5,240"
1583,Go First,06:40,12:10,Goa,Goa,,5h 30m,"5,240"
1584,Go First,06:40,14:30,Mumbai,Mumbai,,7h 50m,"5,272"
1585,Go First,06:40,15:40,Goa,Goa,,9h 00m,"5,387"
1586,IndiGo,00:05,07:15,Mumbai,Mumbai,,7h 10m,"5,426"
1587,SpiceJet,17:35,23:55,Goa,Goa,,6h 20m,"5,426"
1588,SpiceJet,05:25,12:30,Mumbai,Mumbai,,7h 05m,"5,450"
1589,IndiGo,03:25,08:35,Goa,Goa,,5h 10m,"5,450"
1590,Air India,23:10,"08:55
+ 1 day",Mumbai,Mumbai,,9h 45m,"5,474"
1591,Air India,07:30,20:30,Goa,Goa,,13h 00m,"5,474"
1592,Air India,07:30,21:15,Mumbai,Mumbai,,13h 45m,"5,479"
1593,Air India,07:30,"10:15
+ 1 day",Goa,Goa,,26h 45m,"5,525"
1594,Go First,23:45,"02:10
+ 1 day",Mumbai,Mumbai,,2h 25m,"5,550"
1595,IndiGo,22:00,"00:30
+ 1 day",Goa,Goa,,2h 30m,"5,550"
1596,IndiGo,02:05,09:20,Mumbai,Mumbai,,7h 15m,"5,552"
1597,IndiGo,02:05,09:50,Goa,Goa,,7h 45m,"5,583"
1598,Air India,15:20,"11:10
+ 1 day",Mumbai,Mumbai,1 Stop,19h 50m,"5,625"
1599,Air India,15:20,"19:20
+ 1 day",Goa,Goa,,28h 00m,"5,660"
1600,IndiGo,14:30,19:55,Mumbai,Mumbai,,5h 25m,"5,660"
1601,IndiGo,14:30,22:25,Goa,Goa,,7h 55m,"5,660"
1602,SpiceJet,17:35,"09:35
+ 1 day",Mumbai,Mumbai,,16h 00m,"5,698"
1603,IndiGo,02:10,09:15,Goa,Goa,,7h 05m,"5,765"
1604,Air Asia,15:30,18:10,Mumbai,Mumbai,,2h 40m,"5,765"
1605,Air Asia,16:35,19:20,Goa,Goa,,2h 45m,"5,765"
1606,IndiGo,00:50,03:20,Mumbai,Mumbai,,2h 30m,"5,793"
1607,SpiceJet,13:30,23:55,Goa,Goa,,10h 25m,"5,810"
1608,Go First,17:40,20:20,Mumbai,Mumbai,,2h 40m,"5,810"
1609,Air India,23:10,"10:15
+ 1 day",Goa,Goa,,11h 05m,"5,824"
1610,Air India,23:10,"18:15
+ 1 day",Mumbai,Mumbai,,19h 05m,"5,824"
1611,Air India,23:10,"20:30
+ 1 day",Goa,Goa,,21h 20m,"5,824"
1612,IndiGo,02:05,08:10,Mumbai,Mumbai,,6h 05m,"5,824"
1613,Air India,07:30,12:15,Goa,Goa,,4h 45m,"5,824"
1614,Air India,07:30,18:15,Mumbai,Mumbai,,10h 45m,"5,824"
1615,Air India,15:20,"08:55
+ 1 day",Goa,Goa,,17h 35m,"5,824"
1616,SpiceJet,17:35,"12:30
+ 1 day",Mumbai,Mumbai,,18h 55m,"5,842"
1617,SpiceJet,21:05,"07:45
+ 1 day",Goa,Goa,,10h 40m,"5,842"
1618,SpiceJet,21:05,"22:30
+ 1 day",Mumbai,Mumbai,,25h 25m,"5,842"
1619,Go First,18:15,23:30,Goa,Goa,,5h 15m,"5,842"
1620,Go First,17:00,22:25,Mumbai,Mumbai,,5h 25m,"5,899"
1621,Go First,17:00,23:30,Goa,Goa,,6h 30m,"5,899"
1622,Go First,18:15,"00:50
+ 1 day",Mumbai,Mumbai,,6h 35m,"5,911"
1623,Go First,18:15,"02:00
+ 1 day",Goa,Goa,,7h 45m,"5,940"
1624,Go First,17:00,"00:50
+ 1 day",Mumbai,Mumbai,,7h 50m,"5,940"
1625,Go First,17:00,"02:00
+ 1 day",Goa,Goa,,9h 00m,"5,940"
1626,Vistara,21:55,"08:35
+ 1 day",Goa,Goa,,10h 40m,"5,970"
1627,Vistara,21:55,"12:40
+ 1 day",,,,14h 45m,"5,970"
1628,Vistara,21:55,"16:55
+ 1 day",Goa,Goa,,19h 00m,"5,971"
1629,Vistara,21:55,"18:05
+ 1 day",,,,20h 10m,"5,981"
1630,SpiceJet,13:30,21:30,Goa,Goa,,8h 00m,"6,014"
1631,SpiceJet,13:30,"09:35
+ 1 day",,,,20h 05m,"6,014"
1632,SpiceJet,05:25,23:55,Goa,Goa,,18h 30m,"6,025"
1633,Go First,06:40,12:10,,,,5h 30m,"6,025"
1634,Go First,06:40,14:30,Goa,Goa,,7h 50m,"6,051"
1635,Go First,06:40,15:40,,,,9h 00m,"6,052"
1636,SpiceJet,12:05,14:40,Goa,Goa,,2h 35m,"6,072"
1637,SpiceJet,15:05,17:45,,,,2h 40m,"6,076"
1638,IndiGo,03:25,08:35,Goa,Goa,,5h 10m,"6,076"
1639,SpiceJet,19:05,"19:15
+ 1 day",,,,24h 10m,"6,083"
1640,SpiceJet,22:35,"01:00
+ 1 day",Goa,Goa,,2h 25m,"6,083"
1641,SpiceJet,19:30,22:10,,,,2h 40m,"6,113"
1642,IndiGo,14:30,19:55,Goa,Goa,,5h 25m,"6,113"
1643,IndiGo,14:30,22:25,,,,7h 55m,"6,114"
1644,IndiGo,00:50,03:20,Goa,Goa,,2h 30m,"6,114"
1645,Vistara,21:55,"14:05
+ 1 day",,,,16h 10m,"6,129"
1646,Go First,17:40,20:20,Goa,Goa,,2h 40m,"6,185"
1647,Air Asia,15:30,18:10,,,,2h 40m,"6,185"
1648,Air Asia,16:35,19:20,Goa,Goa,,2h 45m,"6,185"
1649,IndiGo,02:05,09:20,,,,7h 15m,"6,185"
1650,IndiGo,02:05,09:50,Goa,Goa,,7h 45m,"6,185"
1651,IndiGo,06:25,12:15,,,,5h 50m,"6,191"
1652,IndiGo,02:30,09:30,Goa,Goa,,7h 00m,"6,212"
1653,IndiGo,13:00,15:35,,,,2h 35m,"6,213"
1654,IndiGo,18:50,21:25,Goa,Goa,,2h 35m,"6,227"
1655,IndiGo,02:10,09:15,,,,7h 05m,"6,232"
1656,Air India,15:20,20:30,Goa,Goa,,5h 10m,"6,232"
1657,Air India,15:20,21:15,,,,5h 55m,"6,268"
1658,Air India,23:10,"12:15
+ 1 day",Goa,Goa,,13h 05m,"6,273"
1659,Air India,15:20,"10:15
+ 1 day",,,,18h 55m,"6,299"
1660,Air India,23:10,"21:15
+ 1 day",Goa,Goa,,22h 05m,"6,342"
1661,IndiGo,18:55,"01:05
+ 1 day",,,,6h 10m,"6,342"
1662,Go First,23:55,"08:10
+ 1 day",Goa,Goa,,8h 15m,"6,342"
1663,SpiceJet,13:30,"12:30
+ 1 day",,,,23h 00m,"6,354"
1664,SpiceJet,05:25,21:30,Goa,Goa,,16h 05m,"6,613"
1665,IndiGo,06:55,12:15,,,,5h 20m,"6,613"
1666,IndiGo,06:55,14:00,Goa,Goa,,7h 05m,"6,631"
1667,Air Asia,22:30,"03:35
+ 1 day",,,,5h 05m,"6,710"
1668,Vistara,13:20,"00:55
+ 1 day",Goa,Goa,,11h 35m,"6,718"
1669,IndiGo,18:30,"00:25
+ 1 day",,,,5h 55m,"6,798"
1670,Vistara,21:55,"09:40
+ 1 day",Goa,Goa,,11h 45m,"6,798"
1671,Vistara,21:55,"11:00
+ 1 day",,,,13h 05m,"6,798"
1672,Vistara,21:55,"19:40
+ 1 day",Goa,Goa,,21h 45m,"6,888"
1673,IndiGo,02:05,08:10,,,,6h 05m,"6,888"
1674,IndiGo,13:00,15:35,Goa,Goa,,2h 35m,"6,898"
1675,IndiGo,18:50,21:25,,,,2h 35m,"6,898"
1676,IndiGo,14:35,22:10,Goa,Goa,,7h 35m,"6,898"
1677,Air India,15:20,"12:15
+ 1 day",,,,20h 55m,"6,926"
1678,Air India,14:10,16:35,Goa,Goa,,2h 25m,"6,961"
1679,Vistara,13:20,18:05,,,,4h 45m,"6,961"
1680,Vistara,13:20,23:00,Goa,Goa,,9h 40m,"6,992"
1681,Vistara,13:20,"00:10
+ 1 day",,,,10h 50m,"7,008"
1682,IndiGo,06:55,12:15,Goa,Goa,,5h 20m,"7,022"
1683,IndiGo,06:55,14:00,,,,7h 05m,"7,022"
1684,Air Asia,22:30,"03:35
+ 1 day",Goa,Goa,,5h 05m,"7,022"
1685,IndiGo,06:25,12:15,,,,5h 50m,"7,022"
1686,IndiGo,02:30,09:30,Goa,Goa,,7h 00m,"7,102"
1687,IndiGo,18:55,"01:05
+ 1 day",,,,6h 10m,"7,102"
1688,SpiceJet,17:35,23:55,Goa,Goa,,6h 20m,"7,105"
1689,SpiceJet,05:25,12:30,,,,7h 05m,"7,141"
1690,SpiceJet,06:20,"08:40
+ 1 day",Goa,Goa,,26h 20m,"7,168"
1691,IndiGo,18:30,"00:25
+ 1 day",,,,5h 55m,"7,168"
1692,Vistara,14:40,20:20,Goa,Goa,,5h 40m,"7,230"
1693,Vistara,14:40,22:25,,,,7h 45m,"7,230"
1694,Vistara,14:40,23:45,Goa,Goa,,9h 05m,"7,230"
1695,Vistara,14:40,"09:40
+ 1 day",,,,19h 00m,"7,230"
1696,Air India,17:30,"08:55
+ 1 day",Goa,Goa,,15h 25m,"7,234"
1697,Air India,17:30,"13:50
+ 1 day",,,,20h 20m,"7,244"
1698,Go First,23:55,"08:10
+ 1 day",Goa,Goa,,8h 15m,"7,244"
1699,Air India,21:00,"11:10
+ 1 day",,,,14h 10m,"7,277"
1700,SpiceJet,12:05,14:40,Goa,Goa,,2h 35m,"7,297"
1701,SpiceJet,15:05,17:45,,,,2h 40m,"7,297"
1702,Vistara,14:40,"09:00
+ 1 day",Goa,Goa,,18h 20m,"7,297"
1703,Vistara,14:40,"12:30
+ 1 day",,,,21h 50m,"7,312"
1704,Vistara,14:40,"20:00
+ 1 day",Goa,Goa,,29h 20m,"7,312"
1705,Vistara,14:40,"22:40
+ 1 day",,,,32h 00m,"7,312"
1706,IndiGo,03:30,09:15,Goa,Goa,,5h 45m,"7,359"
1707,IndiGo,16:30,21:35,,,,5h 05m,"7,366"
1708,IndiGo,16:30,"00:25
+ 1 day",Goa,Goa,,7h 55m,"7,381"
1709,SpiceJet,17:35,"09:35
+ 1 day",,,,16h 00m,"7,427"
1710,Vistara,13:20,19:40,Goa,Goa,,6h 20m,"7,456"
1711,Vistara,13:20,20:40,,,,7h 20m,"7,505"
1712,Vistara,13:20,21:55,Goa,Goa,,8h 35m,"7,507"
1713,IndiGo,13:10,18:00,,,,4h 50m,"7,507"
1714,IndiGo,13:10,19:20,Goa,Goa,,6h 10m,"7,556"
1715,IndiGo,13:10,20:35,,,,7h 25m,"7,571"
1716,IndiGo,14:35,20:45,Goa,Goa,,6h 10m,"7,591"
1717,IndiGo,14:35,22:10,,,,7h 35m,"7,624"
1718,SpiceJet,13:30,23:55,Goa,Goa,,10h 25m,"7,624"
1719,IndiGo,14:05,16:35,,,,2h 30m,"7,624"
1720,Air India,21:00,"08:55
+ 1 day",Goa,Goa,,11h 55m,"7,697"
1721,Vistara,21:55,"19:55
+ 1 day",,,,22h 00m,"7,697"
1722,SpiceJet,21:05,"07:45
+ 1 day",Goa,Goa,,10h 40m,"7,779"
1723,SpiceJet,21:05,"22:30
+ 1 day",,,,25h 25m,"7,820"
1724,Go First,13:15,22:25,Goa,Goa,,9h 10m,"7,834"
1725,IndiGo,16:30,22:35,,,,6h 05m,"7,841"
1726,SpiceJet,17:35,"12:30
+ 1 day",Goa,Goa,,18h 55m,"7,925"
1727,Air Asia,17:55,"01:00
+ 1 day",,,,7h 05m,"7,953"
1728,Air Asia,17:55,"02:50
+ 1 day",Goa,Goa,,8h 55m,"7,953"
1729,Air Asia,17:55,"03:35
+ 1 day",,,,9h 40m,"7,968"
1730,SpiceJet,13:30,21:30,Goa,Goa,,8h 00m,"7,968"
1731,SpiceJet,13:30,"09:35
+ 1 day",,,,20h 05m,"7,968"
1732,SpiceJet,19:05,"19:15
+ 1 day",Goa,Goa,,24h 10m,"7,978"
1733,Vistara,21:55,"16:30
+ 1 day",,,,18h 35m,"8,011"
1734,SpiceJet,12:55,"10:30
+ 1 day",Goa,Goa,,21h 35m,"8,101"
1735,Go First,13:15,20:10,,,,6h 55m,"8,145"
1736,IndiGo,14:05,16:35,Goa,Goa,,2h 30m,"8,150"
1737,IndiGo,16:30,21:35,,,,5h 05m,"8,150"
1738,IndiGo,16:30,"00:25
+ 1 day",Goa,Goa,,7h 55m,"8,150"
1739,IndiGo,13:10,18:00,,,,4h 50m,"8,228"
1740,IndiGo,13:10,19:20,Goa,Goa,,6h 10m,"8,408"
1741,IndiGo,13:10,20:35,,,,7h 25m,"8,408"
1742,IndiGo,14:40,21:20,Goa,Goa,,6h 40m,"8,408"
1743,SpiceJet,13:30,"12:30
+ 1 day",,,,23h 00m,"8,408"
1744,IndiGo,03:30,09:15,Goa,Goa,,5h 45m,"8,408"
1745,IndiGo,14:35,20:45,,,,6h 10m,"8,450"
1746,Air Asia,17:55,"01:00
+ 1 day",Goa,Goa,,7h 05m,"8,461"
1747,Air Asia,17:55,"02:50
+ 1 day",,,,8h 55m,"8,467"
1748,Air Asia,17:55,"03:35
+ 1 day",Goa,Goa,,9h 40m,"8,467"
1749,IndiGo,16:30,22:35,,,,6h 05m,"8,743"
1750,Vistara,21:55,"12:30
+ 1 day",Goa,Goa,,14h 35m,"8,776"
1751,Vistara,21:55,"20:00
+ 1 day",,,,22h 05m,"9,054"
1752,Vistara,21:55,"20:00
+ 1 day",Goa,Goa,,22h 05m,"9,064"
1753,Vistara,21:55,"22:40
+ 1 day",,,,24h 45m,"9,064"
1754,Vistara,21:55,"22:40
+ 1 day",Goa,Goa,,24h 45m,"9,300"
1755,Go First,13:15,22:25,,,,9h 10m,"9,364"
1756,Vistara,13:20,"19:55
+ 1 day",Goa,Goa,,30h 35m,"9,364"
1757,Vistara,14:30,17:05,,,,2h 35m,"9,588"
1758,Vistara,12:15,15:00,Goa,Goa,,2h 45m,"9,588"
1759,Go First,13:15,20:10,,,,6h 55m,"9,684"
1760,Vistara,13:20,"16:30
+ 1 day",Goa,Goa,,27h 10m,"10,148"
1761,IndiGo,14:40,21:20,,,,6h 40m,"10,148"
1762,Air Asia,20:05,"02:50
+ 1 day",Goa,Goa,,6h 45m,"10,183"
1763,Air Asia,20:05,"03:35
+ 1 day",,,,7h 30m,"10,192"
1764,Go First,13:15,19:15,Goa,Goa,,6h 00m,"10,229"
1765,Vistara,13:20,"09:00
+ 1 day",,,,19h 40m,"10,232"
1766,Vistara,13:20,"12:30
+ 1 day",Goa,Goa,,23h 10m,"10,643"
1767,Air Asia,20:05,"02:50
+ 1 day",,,,6h 45m,"10,666"
1768,Air Asia,20:05,"03:35
+ 1 day",Goa,Goa,,7h 30m,"10,672"
1769,IndiGo,15:20,17:50,,,,2h 30m,"10,672"
1770,Air Asia,06:25,14:00,Goa,Goa,,7h 35m,"10,964"
1771,Air Asia,06:25,16:15,,,,9h 50m,"11,512"
1772,IndiGo,15:20,17:50,Goa,Goa,,2h 30m,"13,400"
1773,Go First,13:15,19:15,,,,6h 00m,
1774,IndiGo,18:55,"02:30
+ 1 day",Goa,Goa,,7h 35m,
1775,SpiceJet,12:55,"10:30
+ 1 day",,,,21h 35m,
1776,Air Asia,17:55,"01:10
+ 1 day",Goa,Goa,,7h 15m,
1777,Vistara,13:20,"16:30
+ 1 day",,,,27h 10m,
1778,Air Asia,06:25,14:00,Goa,Goa,,7h 35m,
1779,Air Asia,06:25,16:15,,,,9h 50m,
1780,IndiGo,18:55,"02:30
+ 1 day",Goa,Goa,,7h 35m,
1781,Air Asia,17:55,"01:10
+ 1 day",,,,7h 15m,
1782,Go First,13:15,19:15,Goa,Goa,,6h 00m,
1783,IndiGo,06:45,,,,,,
1784,IndiGo,12:30,,Goa,Goa,,,
1785,IndiGo,22:10,,,,,,
1786,Air Asia,22:10,,Goa,Goa,,,
1787,SpiceJet,19:00,,,,,,
1788,Air India,13:00,,Goa,Goa,,,
1789,Air India,19:00,,,,,,
1790,Air India,06:05,,Goa,Goa,,,
1791,Air Asia,22:10,,,,,,
1792,IndiGo,06:45,,Goa,Goa,,,
1793,IndiGo,12:30,,,,,,
1794,IndiGo,22:10,,Goa,Goa,,,
1795,SpiceJet,19:00,,,,,,
1796,Air India,08:00,,Goa,Goa,,,
1797,Air India,07:00,,,,,,
1798,Air India,17:50,,Goa,Goa,,,
1799,Air India,15:05,,,,,,
1800,Air India,10:40,,Goa,Goa,,,
1801,Air India,09:00,,,,,,
1802,Go First,06:00,,Goa,Goa,,,
1803,Go First,22:30,,,,,,
1804,Go First,21:00,,Goa,Goa,,,
1805,Go First,19:40,,,,,,
1806,Go First,17:55,,Goa,Goa,,,
1807,Air India,20:00,,,,,,
1808,Go First,15:00,,Goa,Goa,,,
1809,Go First,14:20,,,,,,
1810,Go First,10:30,,Goa,Goa,,,
1811,Go First,08:00,,,,,,
1812,Go First,07:00,,Goa,Goa,,,
1813,Go First,06:00,,,,,,
1814,Go First,22:30,,Goa,Goa,,,
1815,Go First,21:00,,,,,,
1816,Go First,19:40,,Goa,Goa,,,
1817,Go First,17:55,,,,,,
1818,Go First,07:20,,Goa,Goa,,,
1819,Air India,05:55,,,,,,
1820,Air India,21:10,,Goa,Goa,,,
1821,Go First,15:00,,,,,,
1822,Go First,14:20,,Goa,Goa,,,
1823,Go First,10:30,,,,,,
1824,Go First,08:00,,Goa,Goa,,,
1825,Go First,07:00,,,,,,
1826,Go First,07:20,,Goa,Goa,,,
1827,Go First,18:40,,,,,,
1828,Go First,19:25,,Goa,Goa,,,
1829,Air India,21:15,,,,,,
1830,Go First,18:40,,Goa,Goa,,,
1831,Go First,19:25,,,,,,
1832,Air India,22:00,,Goa,Goa,,,
1833,Go First,05:50,,,,,,
1834,Go First,05:50,,Goa,Goa,,,
1835,Go First,15:00,,,,,,
1836,Go First,14:20,,Goa,Goa,,,
1837,Go First,22:30,,,,,,
1838,Go First,10:30,,Goa,Goa,,,
1839,Go First,21:00,,,,,,
1840,Go First,19:40,,Goa,Goa,,,
1841,Go First,08:00,,,,,,
1842,Go First,17:55,,Goa,Goa,,,
1843,Go First,07:00,,,,,,
1844,Go First,07:20,,Goa,Goa,,,
1845,,,,,,,,
1846,,,,Goa,Goa,,,
1847,,,,,,,,
1848,,,,Goa,Goa,,,
1849,,,,,,,,
1850,,,,Goa,Goa,,,
1851,,,,,,,,
1852,,,,Goa,Goa,,,
1853,,,,,,,,
1854,,,,Goa,Goa,,,
1855,,,,,,,,
1856,,,,Goa,Goa,,,
1857,,,,,,,,
1858,,,,Goa,Goa,,,
1859,,,,,,,,
1860,,,,Goa,Goa,,,
1861,,,,,,,,
1862,,,,Goa,Goa,,,
1863,,,,,,,,
1864,,,,Goa,Goa,,,
1865,,,,,,,,
1866,,,,Goa,Goa,,,
1867,,,,,,,,
1868,,,,Goa,Goa,,,
1869,,,,,,,,
1870,,,,Goa,Goa,,,
1871,,,,,,,,
1872,,,,Goa,Goa,,,
1873,,,,,,,,
1874,,,,Goa,Goa,,,
1875,,,,,,,,
1876,,,,Goa,Goa,,,
1877,,,,,,,,
1878,,,,Goa,Goa,,,
1879,,,,,,,,
1880,,,,Goa,Goa,,,
1881,,,,,,,,
1882,,,,Goa,Goa,,,
1883,,,,,,,,
1884,,,,Goa,Goa,,,
1885,,,,,,,,
1886,,,,Goa,Goa,,,
1887,,,,,,,,
1888,,,,Goa,Goa,,,
1889,,,,,,,,
1890,,,,Goa,Goa,,,
1891,,,,,,,,
1892,,,,Goa,Goa,,,
1893,,,,,,,,
1894,,,,Goa,Goa,,,
1895,,,,,,,,
1896,,,,Goa,Goa,,,
1897,,,,,,,,
1898,,,,Goa,Goa,,,
1899,,,,,,,,
1900,,,,Goa,Goa,,,
1901,,,,,,,,
1902,,,,Goa,Goa,,,
1903,,,,,,,,
1904,,,,Goa,Goa,,,
1905,,,,,,,,
1906,,,,Goa,Goa,,,
1907,,,,,,,,
1908,,,,Goa,Goa,,,
1909,,,,,,,,
1910,,,,Goa,Goa,,,
1911,,,,,,,,
1912,,,,Goa,Goa,,,
1913,,,,,,,,
1914,,,,Goa,Goa,,,
1915,,,,,,,,
1916,,,,Goa,Goa,,,
1917,,,,,,,,
1918,,,,Goa,Goa,,,
1919,,,,,,,,
1920,,,,Goa,Goa,,,
1921,,,,,,,,
1922,,,,Goa,Goa,,,
1923,,,,,,,,
1924,,,,Goa,Goa,,,
1925,,,,,,,,
1926,,,,Goa,Goa,,,
1927,,,,,,,,
1928,,,,Goa,Goa,,,
1929,,,,,,,,
1930,,,,Goa,Goa,,,
1931,,,,,,,,
1932,,,,Goa,Goa,,,
1933,,,,,,,,
1934,,,,Goa,Goa,,,
1935,,,,,,,,
1936,,,,Goa,Goa,,,
1937,,,,,,,,
1938,,,,Goa,Goa,,,
1939,,,,,,,,
1940,,,,Goa,Goa,,,
1941,,,,,,,,
1942,,,,Goa,Goa,,,
1943,,,,,,,,
1944,,,,Goa,Goa,,,
1945,,,,,,,,
1946,,,,Goa,Goa,,,
1947,,,,,,,,
1948,,,,Goa,Goa,,,
1949,,,,,,,,
1950,,,,Goa,Goa,,,
1951,,,,,,,,
1952,,,,Goa,Goa,,,
1953,,,,,,,,
1954,,,,Goa,Goa,,,
1955,,,,,,,,
1956,,,,Goa,Goa,,,
1957,,,,,,,,
1958,,,,Goa,Goa,,,
1959,,,,,,,,
1960,,,,Goa,Goa,,,
1961,,,,,,,,
1962,,,,Goa,Goa,,,
1963,,,,,,,,
1964,,,,Goa,Goa,,,
1965,,,,,,,,
1966,,,,Goa,Goa,,,
1967,,,,,,,,
1968,,,,Goa,Goa,,,
1969,,,,,,,,
1970,,,,Goa,Goa,,,
1971,,,,,,,,
1972,,,,Goa,Goa,,,
1973,,,,,,,,
1974,,,,Goa,Goa,,,
1975,,,,,,,,
1976,,,,Goa,Goa,,,
1977,,,,,,,,
1978,,,,Goa,Goa,,,
1979,,,,,,,,
1980,,,,Goa,Goa,,,
1981,,,,,,,,
1982,,,,Goa,Goa,,,
1983,,,,,,,,
1984,,,,Goa,Goa,,,
1985,,,,,,,,
1986,,,,Goa,Goa,,,
1987,,,,,,,,
1988,,,,Goa,Goa,,,
1989,,,,,,,,
1990,,,,Goa,Goa,,,
1991,,,,,,,,
1992,,,,Goa,Goa,,,
1993,,,,,,,,
1994,,,,Goa,Goa,,,
1995,,,,,,,,
1996,,,,Goa,Goa,,,
1997,,,,,,,,
1998,,,,Goa,Goa,,,
1999,,,,,,,,
2000,,,,Goa,Goa,,,
2001,,,,,,,,
2002,,,,Goa,Goa,,,
2003,,,,,,,,
2004,,,,Goa,Goa,,,
2005,,,,,,,,
2006,,,,Goa,Goa,,,
2007,,,,,,,,
2008,,,,Goa,Goa,,,
2009,,,,,,,,
2010,,,,Goa,Goa,,,
2011,,,,,,,,
2012,,,,Goa,Goa,,,
2013,,,,,,,,
2014,,,,Goa,Goa,,,
2015,,,,,,,,
2016,,,,Goa,Goa,,,
2017,,,,,,,,
2018,,,,Goa,Goa,,,
2019,,,,,,,,
2020,,,,Goa,Goa,,,
2021,,,,,,,,
2022,,,,Goa,Goa,,,
2023,,,,,,,,
2024,,,,Goa,Goa,,,
2025,,,,,,,,
2026,,,,Goa,Goa,,,
2027,,,,,,,,
2028,,,,Goa,Goa,,,
2029,,,,,,,,
2030,,,,Goa,Goa,,,
2031,,,,,,,,
2032,,,,Goa,Goa,,,
2033,,,,,,,,
2034,,,,Goa,Goa,,,
2035,,,,,,,,
2036,,,,Goa,Goa,,,
2037,,,,,,,,
2038,,,,Goa,Goa,,,
2039,,,,,,,,
2040,,,,Goa,Goa,,,
2041,,,,,,,,
2042,,,,Goa,Goa,,,
2043,,,,,,,,
2044,,,,Goa,Goa,,,
2045,,,,,,,,
2046,,,,Goa,Goa,,,
2047,,,,,,,,
2048,,,,Goa,Goa,,,
2049,,,,,,,,
2050,,,,Goa,Goa,,,
2051,,,,,,,,
2052,,,,Goa,Goa,,,
2053,,,,,,,,
2054,,,,Goa,Goa,,,
2055,,,,,,,,
2056,,,,Goa,Goa,,,
2057,,,,,,,,
2058,,,,Goa,Goa,,,
2059,,,,,,,,
2060,,,,Goa,Goa,,,
2061,,,,,,,,
2062,,,,Goa,Goa,,,
2063,,,,,,,,
2064,,,,Goa,Goa,,,
2065,,,,,,,,
2066,,,,Goa,Goa,,,
2067,,,,,,,,
2068,,,,Goa,Goa,,,
2069,,,,,,,,
2070,,,,Goa,Goa,,,
2071,,,,,,,,
2072,,,,Goa,Goa,,,
2073,,,,,,,,
2074,,,,Goa,Goa,,,
2075,,,,,,,,
2076,,"18:40
Air Asia","06:20
+ 1 day",Goa,Goa,,11h 40m,
2077,,"15:20
Go First",16:35,,,,1h 15m,
2078,,"01:05
Air Asia",09:30,Goa,Goa,,,
2079,,,,,,,,
2080,,,,Goa,Goa,,,
2081,,,,,,,,
2082,,,,Goa,Goa,,,
2083,,,,,,,,
2084,,,,Goa,Goa,,,
2085,,,,,,,,
2086,,,,Goa,Goa,,,
2087,,,,,,,,
2088,,,,Goa,Goa,,,
2089,,,,,,,,
2090,,,,Goa,Goa,,,
2091,,,,,,,,
2092,,,,Goa,Goa,,,
2093,,,,,,,,
2094,,,,Goa,Goa,,,
2095,,,,,,,,
2096,,,,Goa,Goa,,,
2097,,,,,,,,
2098,,,,Goa,Goa,,,
2099,,,,,,,,
2100,,,,,,,,
2101,,,,,,,,
2102,,,,,,,,
2103,,,,,,,,
2104,,,,,,,,
2105,,,,,,,,
2106,,,,,,,,
2107,,,,,,,,
2108,,,,,,,,
2109,,,,,,,,
2110,,,,,,,,
2111,,,,,,,,
2112,,,,,,,,
2113,,,,,,,,
2114,,,,,,,,
2115,,,,,,,,
2116,,,,,,,,
2117,,,,,,,,
2118,,,,,,,,
2119,,,,,,,,
2120,,,,,,,,
2121,,,,,,,,
2122,,,,,,,,
2123,,,,,,,,
2124,,,,,,,,
2125,,,,,,,,
2126,,,,,,,,
2127,,,,,,,,
2128,,,,,,,,
2129,,,,,,,,
2130,,,,,,,,
2131,,,,,,,,
2132,,,,,,,,
2133,,,,,,,,
2134,,,,,,,,
2135,,,,,,,,
2136,,,,,,,,
2137,,,,,,,,
2138,,,,,,,,
2139,,,,,,,,
2140,,,,,,,,
2141,,,,,,,,
2142,,,,,,,,
2143,,,,,,,,
2144,,,,,,,,
2145,,,,,,,,
2146,,,,,,,,
2147,,,,,,,,
2148,,,,,,,,
2149,,,,,,,,
2150,,,,,,,,
2151,,,,,,,,
2152,,,,,,,,
2153,,,,,,,,
2154,,,,,,,,
2155,,,,,,,,
2156,,,,,,,,
2157,,,,,,,,
2158,,,,,,,,
2159,,,,,,,,
2160,,,,,,,,
2161,,,,,,,,
2162,,,,,,,,
2163,,,,,,,,
2164,,,,,,,,
2165,,,,,,,,
2166,,,,,,,,
2167,,,,,,,,
2168,,,,,,,,
2169,,,,,,1 Stop,,
2170,,,,,,,,
